연번,발생일자,사고유형,발생역,발생시간,비고
1,2019-01-02,출입문관련,잠실(2)역,12:22,
2,2019-01-04,승강설비관련,약수(6)역,00:28,
3,2019-01-06,출입문관련,상일동,07:56,
4,2019-01-07,발빠짐,동대문역사문화공원(2)역,07:40,
5,2019-01-07,출입문관련,명일역,13:06,
6,2019-01-07,출입문관련,방이역,07:22,
7,2019-01-08,승강설비관련,청구(5)역,14:09,
8,2019-01-08,출입문관련,신림역,19:42,
9,2019-01-09,열차내 사고,창동역,07:54,
10,2019-01-13,발빠짐,신촌역,19:34,
11,2019-01-15,발빠짐,천호(5)역,08:21,
12,2019-01-15,열차내 사고,삼성역,12:00,
13,2019-01-17,발빠짐,성신여대입구역,20:52,
14,2019-01-17,출입문관련,서대문역,08:36,
15,2019-01-19,승강설비관련,서대문역,17:50,
16,2019-01-19,역구내 사고,발산역,15:57,
17,2019-01-21,출입문관련,신대방역,16:24,
18,2019-01-22,출입문관련,어린이대공원역,20:41,
19,2019-01-24,역구내 사고,우장산역,13:10,
20,2019-01-24,출입문관련,강변역,10:20,
21,2019-01-24,발빠짐,성신여대입구역,16:06,
22,2019-01-24,역구내 사고,구로디지털단지역,23:10,
23,2019-01-25,역구내 사고,영등포구청(2)역,13:42,
24,2019-01-25,발빠짐,신설동(1)역,18:48,
25,2019-01-25,출입문관련,신촌역,18:24,
26,2019-01-26,출입문관련,강변역,14:55,
27,2019-01-26,출입문관련,강변역,12:53,
28,2019-01-27,열차내 사고,까치산(2)역,10:44,
29,2019-01-28,출입문관련,신길역,12:05,
30,2019-01-29,출입문관련,교대(2)역,18:50,
31,2019-01-30,역구내 사고,강남역,21:30,
32,2019-02-03,역구내 사고,까치산(5)역,11:38,
33,2019-02-04,열차내 사고,건대입구(7)역,05:56,
34,2019-02-07,열차내 사고,마들역,06:09,
35,2019-02-08,열차내 사고,어린이대공원역,09:10,
36,2019-02-10,출입문관련,선릉(2)역,15:10,
37,2019-02-11,발빠짐,동대문역사문화공원(2)역,07:45,
38,2019-02-11,출입문관련,서초역,09:21,
39,2019-02-12,승강설비관련,신림역,16:13,
40,2019-02-12,역구내 사고,수유역,18:40,
41,2019-02-13,출입문관련,왕십리(5)역,15:40,
42,2019-02-14,발빠짐,충무로(3)역,08:11,
43,2019-02-16,열차내 사고,사당(2)역,09:45,
44,2019-02-16,발빠짐,당산(2)역,14:52,
45,2019-02-16,발빠짐,서울(4)역,19:02,
46,2019-02-16,승강설비관련,새절역,18:51,
47,2019-02-16,출입문관련,건대입구(2)역,12:30,
48,2019-02-16,발빠짐,합정(2)역,22:21,
49,2019-02-18,출입문관련,약수(3)역,07:45,
50,2019-02-18,발빠짐,사당(2)역,08:45,
51,2019-02-18,출입문관련,응암,16:46,
52,2019-02-18,발빠짐,연신내(3)역,16:09,
53,2019-02-19,역구내 사고,길음역,,발생시간 미상
54,2019-02-19,역구내 사고,천호(5)역,09:10,
55,2019-02-19,열차내 사고,천호(5)역,08:30,
56,2019-02-20,발빠짐,상왕십리역,14:00,
57,2019-02-20,역구내 사고,사당(4)역,07:40,
58,2019-02-20,역구내 사고,시청(1)역,07:50,
59,2019-02-20,발빠짐,불광(3)역,08:02,
60,2019-02-20,출입문관련,천호(8)역,18:43,
61,2019-02-21,기타,성수역,18:40,
62,2019-02-22,발빠짐,서울(1)역,14:06,
63,2019-02-22,역구내 사고,건대입구(2)역,17:28,
64,2019-02-22,발빠짐,성신여대입구역,08:32,
65,2019-02-23,발빠짐,고속터미널(7)역,13:32,
66,2019-02-24,출입문관련,대화역,11:20,
67,2019-02-24,출입문관련,이수(7)역,15:38,
68,2019-02-25,승강설비관련,광흥창역,17:16,
69,2019-02-25,출입문관련,서울대입구역,13:40,
70,2019-02-28,발빠짐,중곡역,18:19,
71,2019-02-28,출입문관련,고속터미널(3)역,18:22,
72,2019-02-28,역구내 사고,독립문역,12:40,
73,2019-03-01,발빠짐,성신여대입구역,13:49,
74,2019-03-02,발빠짐,서울(1)역,14:18,
75,2019-03-02,출입문관련,신대방역,10:35,
76,2019-03-05,출입문관련,약수(3)역,18:25,
77,2019-03-07,출입문관련,홍제역,07:55,
78,2019-03-08,출입문관련,봉천역,07:50,
79,2019-03-11,열차내 사고,혜화역,08:10,
80,2019-03-12,열차내 사고,사당(2)역,22:00,
81,2019-03-12,역구내 사고,길동역,12:40,
82,2019-03-12,역구내 사고,미아역,08:41,
83,2019-03-12,열차내 사고,방배역,,발생시간 미상
84,2019-03-14,열차내 사고,도봉산(7)역,19:51,
85,2019-03-18,출입문관련,잠실(2)역,10:22,
86,2019-03-18,출입문관련,강변역,19:04,
87,2019-03-19,역구내 사고,아차산역,14:00,
88,2019-03-20,출입문관련,구파발(3)역,18:57,
89,2019-03-20,역구내 사고,철산역,17:41,
90,2019-03-20,역구내 사고,을지로3가(2)역,17:01,
91,2019-03-20,열차내 사고,구파발(3)역,17:20,
92,2019-03-21,열차내 사고,건대입구(7)역,08:20,
93,2019-03-21,열차내 사고,신촌역,18:45,
94,2019-03-21,열차내 사고,상봉(7)역,08:53,
95,2019-03-22,출입문관련,신림역,17:31,
96,2019-03-23,열차내 사고,군자(7)역,19:00,
97,2019-03-23,역구내 사고,마포역,19:49,
98,2019-03-25,출입문관련,서울(1)역,21:37,
99,2019-03-25,열차내 사고,상일동,16:10,
100,2019-03-25,출입문관련,노량진(1)역,21:51,
101,2019-03-26,역구내 사고,서대문역,14:20,
102,2019-03-26,열차내 사고,마장역,17:17,
103,2019-03-28,출입문관련,봉천역,22:50,
104,2019-03-29,열차내 사고,제기동역,15:17,
105,2019-03-29,열차내 사고,신설동(1)역,15:19,
106,2019-03-29,출입문관련,미아사거리역,15:33,
107,2019-03-30,출입문관련,당산(2)역,19:46,
108,2019-03-31,출입문관련,노원(4)역,14:19,
109,2019-04-01,승강설비관련,상도역,12:41,
110,2019-04-01,열차내 사고,군자(5)역,07:58,
111,2019-04-01,출입문관련,불광(3)역,17:48,
112,2019-04-01,발빠짐,동대문역사문화공원(4)역,13:10,
113,2019-04-03,출입문관련,몽촌토성역,14:22,
114,2019-04-03,출입문관련,역삼역,11:03,
115,2019-04-03,출입문관련,마곡역,12:44,
116,2019-04-04,출입문관련,올림픽공원역,12:13,
117,2019-04-06,출입문관련,선릉(2)역,16:56,
118,2019-04-07,역구내 사고,사당(4)역,09:49,
119,2019-04-08,승강설비관련,안국역,15:39,
120,2019-04-09,발빠짐,대림(2)역,20:21,
121,2019-04-09,발빠짐,서대문역,17:06,
122,2019-04-11,출입문관련,을지로4가(2)역,17:05,
123,2019-04-11,역구내 사고,종로3가(1)역,10:45,
124,2019-04-12,출입문관련,봉천역,17:26,
125,2019-04-12,역구내 사고,영등포시장역,17:22,
126,2019-04-13,역구내 사고,충무로(4)역,13:40,
127,2019-04-15,출입문관련,신림역,17:39,
128,2019-04-15,발빠짐,서울(1)역,20:45,
129,2019-04-15,출입문관련,거여역,19:39,
130,2019-04-16,승강설비관련,제기동역,13:57,
131,2019-04-16,역구내 사고,상계역,10:00,
132,2019-04-16,출입문관련,홍대입구역,23:16,
133,2019-04-16,출입문관련,양재역,18:31,
134,2019-04-18,열차내 사고,상일동,15:38,
135,2019-04-18,출입문관련,성수역,08:40,
136,2019-04-18,출입문관련,서울대입구역,08:50,
137,2019-04-19,출입문관련,서울대입구역,18:30,
138,2019-04-21,발빠짐,충무로(3)역,16:00,
139,2019-04-22,출입문관련,청담역,11:18,
140,2019-04-22,발빠짐,충무로(3)역,15:56,
141,2019-04-23,출입문관련,까치산(5)역,17:06,
142,2019-04-25,출입문관련,홍대입구역,21:53,
143,2019-04-25,출입문관련,동대문(4)역,15:30,
144,2019-04-26,역구내 사고,먹골역,00:50,
145,2019-04-26,역구내 사고,신설동(1)역,08:30,
146,2019-04-26,출입문관련,을지로입구역,08:39,
147,2019-04-27,출입문관련,까치산(5)역,17:00,
148,2019-04-27,열차내 사고,잠실새내역,12:46,
149,2019-04-29,승강설비관련,고속터미널(3)역,08:38,
150,2019-04-30,발빠짐,구로디지털단지역,09:22,
151,2019-05-02,출입문관련,강남역,16:58,
152,2019-05-02,출입문관련,학동역,22:13,
153,2019-05-02,열차내 사고,강변역,11:40,
154,2019-05-02,열차내 사고,열차내,,발생시간 미상
155,2019-05-03,출입문관련,당산(2)역,15:53,
156,2019-05-04,발빠짐,삼성역,21:40,
157,2019-05-07,열차내 사고,쌍문역,09:32,
158,2019-05-10,발빠짐,신촌역,19:40,
159,2019-05-10,발빠짐,성신여대입구역,22:00,
160,2019-05-11,역구내 사고,신길역,10:05,
161,2019-05-12,출입문관련,연신내(6)역,15:32,
162,2019-05-16,열차내 사고,도봉산(7)역,19:09,
163,2019-05-16,발빠짐,충무로(4)역,23:13,
164,2019-05-17,출입문관련,석계(1)역,11:56,
165,2019-05-17,출입문관련,이수(4)역,20:10,
166,2019-05-17,열차내 사고,마포역,08:07,
167,2019-05-19,발빠짐,충무로(3)역,09:30,
168,2019-05-20,출입문관련,강남역,17:24,
169,2019-05-20,역구내 사고,시청(1)역,12:10,
170,2019-05-21,출입문관련,사당(2)역,16:20,
171,2019-05-22,열차내 사고,상왕십리역,12:07,
172,2019-05-22,발빠짐,동대문역사문화공원(4)역,08:20,
173,2019-05-23,열차내 사고,여의도역,08:08,
174,2019-05-23,출입문관련,성수역,18:51,
175,2019-05-23,출입문관련,강동역,16:03,
176,2019-05-24,역구내 사고,선릉(2)역,20:40,
177,2019-05-24,역구내 사고,종로3가(3)역,18:22,
178,2019-05-25,출입문관련,종로3가(5)역,16:20,
179,2019-05-25,출입문관련,종로3가(5)역,16:20,
180,2019-05-26,출입문관련,암사역,17:28,
181,2019-05-26,출입문관련,길동역,14:18,
182,2019-05-27,출입문관련,동대문역사문화공원(4)역,12:09,
183,2019-05-27,출입문관련,사당(4)역,12:56,
184,2019-05-28,출입문관련,신사역,13:11,
185,2019-05-28,승강설비관련,창동역,08:50,
186,2019-05-29,출입문관련,온수(7)역,17:08,
187,2019-05-29,발빠짐,신촌역,08:31,
188,2019-05-30,출입문관련,길음역,08:26,
189,2019-05-31,발빠짐,신촌역,22:04,
190,2019-05-31,역구내 사고,디지털미디어시티역,22:10,
191,2019-05-31,승강설비관련,신정네거리,16:13,
192,2019-06-01,역구내 사고,홍대입구역,22:11,
193,2019-06-01,승강설비관련,서대문역,16:16,
194,2019-06-01,출입문관련,선릉(2)역,19:11,
195,2019-06-02,출입문관련,경복궁역,15:43,
196,2019-06-03,발빠짐,신촌역,17:25,
197,2019-06-03,열차내 사고,시청(2)역,16:30,
198,2019-06-03,출입문관련,숙대입구역,16:10,
199,2019-06-03,출입문관련,사당(2)역,,발생시간 미상
200,2019-06-04,출입문관련,교대(3)역,09:55,
201,2019-06-04,역구내 사고,장암역,09:20,
202,2019-06-05,출입문관련,신길역,07:59,
203,2019-06-06,열차내 사고,홍대입구역,10:48,
204,2019-06-07,발빠짐,철산역,07:41,
205,2019-06-07,발빠짐,구로디지털단지역,07:59,
206,2019-06-07,발빠짐,회현역,19:13,
207,2019-06-07,출입문관련,고속터미널(3)역,11:00,
208,2019-06-07,역구내 사고,금호역,16:10,
209,2019-06-08,발빠짐,시청(2)역,23:01,
210,2019-06-08,출입문관련,사당(2)역,14:02,
211,2019-06-08,승강설비관련,종로3가(5)역,17:17,
212,2019-06-10,열차내 사고,성수역,17:45,
213,2019-06-11,역구내 사고,을지로3가(3)역,13:30,
214,2019-06-11,출입문관련,홍대입구역,14:34,
215,2019-06-14,열차내 사고,방배역,08:40,
216,2019-06-14,열차내 사고,제기동역,15:00,
217,2019-06-14,열차내 사고,방배역~서초역,,발생시간 미상
218,2019-06-15,출입문관련,사당(4)역,17:48,
219,2019-06-15,출입문관련,건대입구(2)역,22:15,
220,2019-06-16,역구내 사고,행당역,09:31,
221,2019-06-17,발빠짐,합정(6)역,09:05,
222,2019-06-17,출입문관련,미아역,07:38,
223,2019-06-18,승강설비관련,동대문(4)역,15:36,
224,2019-06-18,출입문관련,창동역,19:34,
225,2019-06-19,발빠짐,종합운동장역,18:23,
226,2019-06-20,열차내 사고,숭실대입구역,,발생시간 미상
227,2019-06-20,역구내 사고,마포역,08:26,
228,2019-06-20,승강설비관련,수유역,13:24,
229,2019-06-20,출입문관련,영등포구청(5)역,20:25,
230,2019-06-20,출입문관련,구로디지털단지역,17:29,
231,2019-06-21,출입문관련,동대문역사문화공원(4)역,16:45,
232,2019-06-21,승강설비관련,미아역,13:52,
233,2019-06-21,역구내 사고,하계역,05:25,
234,2019-06-21,역구내 사고,홍대입구역,14:10,
235,2019-06-21,출입문관련,홍대입구역,11:30,
236,2019-06-22,출입문관련,불광(6)역,15:38,
237,2019-06-22,출입문관련,잠실새내역,15:11,
238,2019-06-23,역구내 사고,봉천역,17:00,
239,2019-06-23,발빠짐,시청(2)역,22:49,
240,2019-06-24,출입문관련,명동역,08:40,
241,2019-06-24,역구내 사고,여의도역,12:36,
242,2019-06-25,발빠짐,성신여대입구역,15:01,
243,2019-06-26,열차내 사고,동대문(4)역,17:24,
244,2019-06-27,출입문관련,압구정역,18:06,
245,2019-06-28,출입문관련,종로5가역,12:48,
246,2019-07-01,출입문관련,새절역,05:52,
247,2019-07-01,발빠짐,한성대입구역,21:03,
248,2019-07-02,열차내 사고,강남역,07:30,
249,2019-07-02,출입문관련,충무로(4)역,12:54,
250,2019-07-02,발빠짐,신설동(1)역,23:30,
251,2019-07-03,발빠짐,충무로(3)역,16:41,
252,2019-07-03,출입문관련,군자(5)역,18:37,
253,2019-07-05,출입문관련,남부터미널역,08:38,
254,2019-07-05,출입문관련,노원(4)역,14:42,
255,2019-07-05,출입문관련,선릉(2)역,21:13,
256,2019-07-05,출입문관련,천호(8)역,21:57,
257,2019-07-05,역구내 사고,마들역,12:00,
258,2019-07-06,열차내 사고,광명사거리역,09:40,
259,2019-07-06,열차내 사고,신사역,16:50,
260,2019-07-06,열차내 사고,신도림(2)역,21:52,
261,2019-07-08,출입문관련,신림역,12:26,
262,2019-07-10,출입문관련,성신여대입구역,08:34,
263,2019-07-10,역구내 사고,신금호역,08:23,
264,2019-07-11,출입문관련,애오개역,18:39,
265,2019-07-12,열차내 사고,남부터미널역,09:48,
266,2019-07-13,발빠짐,강동역,00:54,
267,2019-07-15,역구내 사고,화랑대,10:13,
268,2019-07-16,열차내 사고,수락산역,09:40,
269,2019-07-17,출입문관련,동대입구역,12:59,
270,2019-07-17,발빠짐,동대문(4)역,14:10,
271,2019-07-17,출입문관련,구로디지털단지역,08:42,
272,2019-07-19,출입문관련,강남역,18:33,
273,2019-07-19,출입문관련,회현역,16:58,
274,2019-07-19,출입문관련,산본역,14:10,
275,2019-07-20,출입문관련,연신내(3)역,13:57,
276,2019-07-20,역구내 사고,행당역,15:25,
277,2019-07-21,발빠짐,서울(1)역,11:30,
278,2019-07-21,출입문관련,방화역,16:13,
279,2019-07-21,출입문관련,강변역,21:34,
280,2019-07-22,출입문관련,산본역,13:30,
281,2019-07-22,열차내 사고,신림역,08:15,
282,2019-07-22,역구내 사고,화곡역,17:00,
283,2019-07-23,발빠짐,충무로(3)역,17:32,
284,2019-07-24,역구내 사고,혜화역,14:11,
285,2019-07-25,출입문관련,홍대입구역,19:04,
286,2019-07-25,역구내 사고,을지로4가(5)역,22:18,
287,2019-07-25,출입문관련,혜화역,12:35,
288,2019-07-26,역구내 사고,동대문역사문화공원(2)역,16:01,
289,2019-07-26,역구내 사고,양천구청,06:33,
290,2019-07-26,역구내 사고,서울대입구역,10:01,
291,2019-07-26,역구내 사고,송파역,11:35,
292,2019-07-28,역구내 사고,학여울역,08:16,
293,2019-07-29,출입문관련,천호(5)역,16:04,
294,2019-07-29,열차내 사고,일원역,16:31,
295,2019-07-29,발빠짐,경복궁역,12:57,
296,2019-07-29,출입문관련,이수(4)역,16:03,
297,2019-07-30,승강설비관련,신풍역,11:02,
298,2019-07-30,승강설비관련,충정로(5)역,20:31,
299,2019-07-31,열차내 사고,개화산역,07:59,
300,2019-07-31,발빠짐,동대문역사문화공원(4)역,08:40,
301,2019-07-31,열차내 사고,신이문역,19:10,
302,2019-07-31,열차내 사고,강남역,19:05,
303,2019-08-01,승강설비관련,아차산역,18:04,
304,2019-08-01,출입문관련,잠실(2)역,12:42,
305,2019-08-03,승강설비관련,청량리역,14:27,
306,2019-08-05,승강설비관련,천호(5)역,10:33,
307,2019-08-06,발빠짐,신설동(1)역,17:10,
308,2019-08-07,역구내 사고,상왕십리역,08:53,
309,2019-08-07,출입문관련,불광(3)역,,발생시간 미상
310,2019-08-08,출입문관련,태릉입구(7)역,18:20,
311,2019-08-09,열차내 사고,봉화산역,10:10,
312,2019-08-09,역구내 사고,왕십리(2)역,09:45,
313,2019-08-12,열차내 사고,송정역,09:46,
314,2019-08-12,발빠짐,도봉산(7)역,08:20,
315,2019-08-12,역구내 사고,서울대입구역,14:49,
316,2019-08-12,승강설비관련,고속터미널(7)역,19:19,
317,2019-08-12,발빠짐,불광(3)역,18:55,
318,2019-08-12,역구내 사고,동대입구역,14:20,
319,2019-08-12,발빠짐,철산역,19:00,
320,2019-08-13,출입문관련,광화문역,18:34,
321,2019-08-13,역구내 사고,성신여대입구역,10:33,
322,2019-08-13,열차내 사고,영등포구청(2)역,18:31,
323,2019-08-13,역구내 사고,오금(5)역,17:00,
324,2019-08-18,출입문관련,굽은다리역,11:00,
325,2019-08-19,발빠짐,신림역,12:03,
326,2019-08-21,열차내 사고,한성대입구역,01:38,
327,2019-08-21,승강설비관련,가산디지털단지(7)역,11:05,
328,2019-08-21,출입문관련,약수(3)역,19:34,
329,2019-08-21,발빠짐,교대(2)역,07:40,
330,2019-08-21,역구내 사고,구파발(3)역,16:10,
331,2019-08-21,열차내 사고,고속터미널(7)역,08:35,
332,2019-08-22,승강설비관련,신대방삼거리역,09:15,
333,2019-08-23,출입문관련,신당(2)역,08:42,
334,2019-08-23,역구내 사고,가산디지털단지(7)역,13:10,
335,2019-08-24,발빠짐,연신내(3)역,12:54,
336,2019-08-25,발빠짐,충무로(3)역,14:26,
337,2019-08-26,출입문관련,신도림(2)역,09:34,
338,2019-08-26,열차내 사고,상봉(7)역,07:53,
339,2019-08-27,열차내 사고,시청(2)역,07:21,
340,2019-08-27,승강설비관련,왕십리(2)역,08:09,
341,2019-08-27,열차내 사고,압구정역,09:23,
342,2019-08-28,출입문관련,원당역,19:00,
343,2019-08-28,출입문관련,건대입구(2)역,15:38,
344,2019-08-28,열차내 사고,고잔역,13:15,
345,2019-08-29,발빠짐,연신내(6)역,13:07,
346,2019-08-29,역구내 사고,강변역,19:40,
347,2019-08-29,출입문관련,영등포구청(2)역,15:01,
348,2019-08-29,출입문관련,노원(4)역,09:48,
349,2019-08-30,역구내 사고,이수(4)역,17:27,
350,2019-08-30,열차내 사고,여의도역,18:20,
351,2019-08-30,출입문관련,서울대입구역,16:15,
352,2019-08-30,출입문관련,약수(3)역,09:46,
353,2019-08-30,출입문관련,마천역,17:16,
354,2019-08-31,열차내 사고,사당(2)역,11:35,
355,2019-09-04,열차내 사고,사당(2)역,08:15,
356,2019-09-04,역구내 사고,화랑대,08:43,
357,2019-09-04,역구내 사고,서울(1)역,15:05,
358,2019-09-04,출입문관련,광화문역,08:42,
359,2019-09-04,역구내 사고,창동역,08:48,
360,2019-09-04,출입문관련,영등포구청(5)역,18:38,
361,2019-09-05,출입문관련,동대문(4)역,17:25,
362,2019-09-06,역구내 사고,창동역,06:05,
363,2019-09-08,역구내 사고,까치산(5)역,11:11,
364,2019-09-09,출입문관련,천호(8)역,16:03,
365,2019-09-10,역구내 사고,서초역,08:05,
366,2019-09-10,역구내 사고,고속터미널(7)역,17:34,
367,2019-09-10,역구내 사고,몽촌토성역,15:00,
368,2019-09-10,출입문관련,구파발(3)역,08:58,
369,2019-09-10,열차내 사고,화랑대,07:52,
370,2019-09-10,출입문관련,역삼역,08:24,
371,2019-09-10,열차내 사고,청담역,07:53,
372,2019-09-11,승강설비관련,부평구청역,09:18,
373,2019-09-11,출입문관련,사당(4)역,19:00,
374,2019-09-12,발빠짐,충무로(3)역,18:30,
375,2019-09-13,역구내 사고,합정(2)역,23:18,
376,2019-09-14,발빠짐,시청(2)역,14:00,
377,2019-09-15,열차내 사고,사당(4)역,11:12,
378,2019-09-15,출입문관련,신도림(2)역,08:53,
379,2019-09-15,출입문관련,까치산(5)역,11:41,
380,2019-09-16,승강설비관련,오금(3)역,08:10,
381,2019-09-16,열차내 사고,면목역,08:20,
382,2019-09-17,출입문관련,동대문역사문화공원(2)역,20:39,
383,2019-09-19,역구내 사고,상월곡역,22:01,
384,2019-09-19,열차내 사고,천호(5)역,11:07,
385,2019-09-19,출입문관련,종각역,09:54,
386,2019-09-20,출입문관련,보라매역,17:37,
387,2019-09-20,출입문관련,화곡역,18:33,
388,2019-09-21,출입문관련,여의나루역,19:45,
389,2019-09-23,열차내 사고,상도역,15:20,
390,2019-09-23,출입문관련,구로디지털단지역,08:43,
391,2019-09-23,열차내 사고,고속터미널(3)역,12:26,
392,2019-09-23,출입문관련,잠실(2)역,20:29,
393,2019-09-23,역구내 사고,불광(3)역,11:44,
394,2019-09-25,역구내 사고,서초역,18:30,
395,2019-09-26,열차내 사고,영등포구청(2)역,08:16,
396,2019-09-26,열차내 사고,문래역,08:15,
397,2019-09-26,출입문관련,홍제역,09:45,
398,2019-09-26,출입문관련,군자(5)역,10:17,
399,2019-09-27,열차내 사고,보라매역,18:52,
400,2019-09-27,역구내 사고,태릉입구(7)역,10:43,
401,2019-09-28,발빠짐,을지로3가(2)역,23:31,
402,2019-09-29,역구내 사고,수서역,08:00,
403,2019-09-29,출입문관련,경복궁역,08:06,
404,2019-09-30,승강설비관련,동대문(4)역,05:40,
405,2019-09-30,출입문관련,충무로(4)역,13:37,
406,2019-10-01,역구내 사고,종로3가(1)역,21:00,
407,2019-10-01,열차내 사고,이수(4)역,09:00,
408,2019-10-01,출입문관련,가락시장(8)역,16:46,
409,2019-10-02,역구내 사고,양평역,18:00,
410,2019-10-02,승강설비관련,여의나루역,18:38,
411,2019-10-02,열차내 사고,이수(7)역,20:30,
412,2019-10-03,출입문관련,성신여대입구역,08:40,
413,2019-10-03,발빠짐,동대문역사문화공원(5)역,12:50,
414,2019-10-04,역구내 사고,성수역,14:50,
415,2019-10-05,열차내 사고,선릉(2)역,11:00,
416,2019-10-07,열차내 사고,봉천역,18:50,
417,2019-10-07,역구내 사고,노원(4)역,08:00,
418,2019-10-07,발빠짐,철산역,18:27,
419,2019-10-07,출입문관련,신당(2)역,08:42,
420,2019-10-09,열차내 사고,영등포구청(2)역,16:40,
421,2019-10-09,열차내 사고,영등포시장역,11:30,
422,2019-10-10,역구내 사고,동대문역사문화공원(2)역,23:36,
423,2019-10-10,역구내 사고,시청(2)역,08:53,
424,2019-10-10,출입문관련,사당(4)역,18:39,
425,2019-10-10,역구내 사고,합정(2)역,08:38,
426,2019-10-10,출입문관련,당산(2)역,08:25,
427,2019-10-11,출입문관련,신도림(2)역,15:04,
428,2019-10-11,출입문관련,충무로(3)역,16:34,
429,2019-10-11,출입문관련,과천역,18:10,
430,2019-10-11,출입문관련,사당(2)역,20:59,
431,2019-10-12,발빠짐,종로3가(3)역,17:11,
432,2019-10-14,출입문관련,종로3가(3)역,17:05,
433,2019-10-15,발빠짐,경복궁역,08:21,
434,2019-10-16,출입문관련,발산역,13:06,
435,2019-10-17,열차내 사고,동대문(4)역,08:30,
436,2019-10-17,출입문관련,역삼역,23:11,
437,2019-10-18,출입문관련,마들역,11:33,
438,2019-10-18,열차내 사고,신설동(1)역,17:15,
439,2019-10-18,열차내 사고,회기역,17:45,
440,2019-10-19,역구내 사고,충무로(4)역,18:33,
441,2019-10-19,열차내 사고,방화역,11:47,
442,2019-10-20,역구내 사고,광나루역,17:42,
443,2019-10-22,열차내 사고,용두역,18:16,
444,2019-10-22,출입문관련,마장역,20:20,
445,2019-10-22,발빠짐,발산역,15:52,
446,2019-10-24,출입문관련,강동역,10:31,
447,2019-10-25,승강설비관련,을지로3가(3)역,16:55,
448,2019-10-25,출입문관련,동대입구역,13:09,
449,2019-10-25,출입문관련,신도림(2)역,18:00,
450,2019-10-26,출입문관련,선릉(2)역,14:10,
451,2019-10-28,열차내 사고,부평구청(7)역,19:36,
452,2019-10-28,역구내 사고,신대방역,14:05,
453,2019-10-28,출입문관련,구로디지털단지역,18:48,
454,2019-10-29,발빠짐,고속터미널(7)역,12:35,
455,2019-10-29,출입문관련,시청(2)역,15:39,
456,2019-10-30,열차내 사고,군자(5)역,19:15,
457,2019-10-30,출입문관련,합정(2)역,18:08,
458,2019-10-30,출입문관련,삼성역,15:25,
459,2019-10-30,출입문관련,선릉(2)역,18:28,
460,2019-10-30,발빠짐,구로디지털단지역,17:49,
461,2019-10-31,발빠짐,경복궁역,08:43,
462,2019-11-01,출입문관련,당산(2)역,14:10,
463,2019-11-03,출입문관련,명동역,15:08,
464,2019-11-03,역구내 사고,신도림(2)역,13:43,
465,2019-11-05,출입문관련,충무로(4)역,14:22,
466,2019-11-06,승강설비관련,가산디지털단지(7)역,23:41,
467,2019-11-06,출입문관련,쌍문역,19:19,
468,2019-11-06,역구내 사고,명동역,07:01,
469,2019-11-07,역구내 사고,양재역,16:03,
470,2019-11-08,발빠짐,동대문역사문화공원(2)역,18:44,
471,2019-11-09,발빠짐,시청(2)역,13:50,
472,2019-11-09,역구내 사고,동대문역사문화공원(2)역,16:50,
473,2019-11-12,열차내 사고,구파발(3)역,18:40,
474,2019-11-12,열차내 사고,회현역,17:31,
475,2019-11-13,열차내 사고,중곡역,08:21,
476,2019-11-15,발빠짐,충무로(3)역,18:31,
477,2019-11-15,발빠짐,종합운동장역,18:37,
478,2019-11-16,열차내 사고,당고개역,16:05,
479,2019-11-16,발빠짐,충무로(4)역,19:46,
480,2019-11-17,기타,동호철교,16:00,
481,2019-11-17,열차내 사고,신설동(1)역,08:20,
482,2019-11-17,출입문관련,마장역,18:23,
483,2019-11-18,열차내 사고,어린이대공원역,08:30,
484,2019-11-18,역구내 사고,교대(2)역,07:22,
485,2019-11-18,발빠짐,시청(2)역,14:45,
486,2019-11-19,발빠짐,철산역,07:54,
487,2019-11-19,출입문관련,삼성역,08:44,
488,2019-11-21,출입문관련,영등포시장역,17:03,
489,2019-11-22,발빠짐,서울(1)역,18:46,
490,2019-11-22,발빠짐,성신여대입구역,11:50,
491,2019-11-23,열차내 사고,양주역,16:26,
492,2019-11-23,역구내 사고,종로3가(3)역,16:05,
493,2019-11-23,발빠짐,동대문(4)역,18:37,
494,2019-11-23,발빠짐,동대문역사문화공원(4)역,11:30,
495,2019-11-24,역구내 사고,봉천역,22:32,
496,2019-11-25,역구내 사고,남구로역,08:39,
497,2019-11-26,출입문관련,충무로(3)역,17:31,
498,2019-11-26,발빠짐,충무로(3)역,20:58,
499,2019-11-27,출입문관련,광화문역,17:09,
500,2019-11-27,출입문관련,신풍역,07:43,
501,2019-11-27,출입문관련,사당(2)역,08:45,
502,2019-11-28,출입문관련,구파발(3)역,14:10,
503,2019-11-28,발빠짐,서울(1)역,23:53,
504,2019-11-28,출입문관련,동대문역사문화공원(4)역,18:03,
505,2019-11-29,발빠짐,신설동(1)역,13:02,
506,2019-12-01,역구내 사고,당산(2)역,21:26,
507,2019-12-04,발빠짐,충무로(3)역,18:40,
508,2019-12-04,열차내 사고,도봉산(7)역,07:43,
509,2019-12-05,열차내 사고,서대문역,18:16,
510,2019-12-05,열차내 사고,군자(5)역,20:15,
511,2019-12-06,출입문관련,선릉(2)역,08:48,
512,2019-12-06,역구내 사고,상일동,06:58,
513,2019-12-07,출입문관련,신대방역,18:45,
514,2019-12-07,역구내 사고,어린이대공원역,13:47,
515,2019-12-09,발빠짐,고속터미널(7)역,19:18,
516,2019-12-10,열차내 사고,뚝섬역,12:40,
517,2019-12-10,기타,건대입구(2)역,22:40,
518,2019-12-11,역구내 사고,종로3가(3)역,09:16,
519,2019-12-11,발빠짐,충무로(3)역,16:30,
520,2019-12-11,열차내 사고,강남구청역,08:25,
521,2019-12-12,발빠짐,서울(1)역,13:45,
522,2019-12-13,출입문관련,학동역,08:49,
523,2019-12-13,열차내 사고,사당(4)역,08:22,
524,2019-12-13,역구내 사고,상동역,15:37,
525,2019-12-13,출입문관련,상일동,14:05,
526,2019-12-14,역구내 사고,잠실새내역,23:09,
527,2019-12-14,역구내 사고,방배역,13:13,
528,2019-12-15,역구내 사고,여의도역,12:37,
529,2019-12-16,열차내 사고,천호(8)역,18:53,
530,2019-12-17,역구내 사고,구의역,05:28,
531,2019-12-17,발빠짐,혜화역,08:28,
532,2019-12-17,열차내 사고,역삼역,14:32,
533,2019-12-18,출입문관련,범계역,13:40,
534,2019-12-18,열차내 사고,먹골역,14:45,
535,2019-12-19,출입문관련,서울(4)역,11:22,
536,2019-12-19,발빠짐,동대문(4)역,18:20,
537,2019-12-19,승강설비관련,마들역,10:02,
538,2019-12-20,열차내 사고,모란역,10:10,
539,2019-12-20,열차내 사고,연신내(3)역,13:50,
540,2019-12-20,열차내 사고,마천역,10:00,
541,2019-12-20,발빠짐,사당(2)역,18:35,
542,2019-12-21,역구내 사고,창동역,12:03,
543,2019-12-23,발빠짐,옥수역,22:37,
544,2019-12-23,출입문관련,신사역,08:00,
545,2019-12-24,출입문관련,가락시장(8)역,18:25,
546,2019-12-24,출입문관련,이수(4)역,10:20,
547,2019-12-24,열차내 사고,부평구청(7)역,19:58,
548,2019-12-24,출입문관련,왕십리(2)역,18:42,
549,2019-12-25,열차내 사고,강남역,14:35,
550,2019-12-26,역구내 사고,한성대입구역,10:40,
551,2019-12-27,출입문관련,강남역,19:52,
552,2019-12-28,승강설비관련,동묘앞(1)역,15:36,
553,2019-12-29,열차내 사고,신도림(2)역,23:03,
554,2019-12-29,발빠짐,동대문역사문화공원(4)역,22:21,
555,2019-12-29,출입문관련,불광(3)역,11:44,
556,2019-12-31,열차내 사고,중곡역,11:17,
557,2019-12-31,출입문관련,학동역,20:35,
558,2020-01-01,역구내 사고,청량리역,11:50,
559,2020-01-02,열차내 사고,창동역,14:20,
560,2020-01-02,승강설비관련,충무로(4)역,12:20,
561,2020-01-02,출입문관련,마들역,17:55,
562,2020-01-04,승강설비관련,증산역,16:57,
563,2020-01-04,승강설비관련,미아사거리역,11:12,
564,2020-01-04,발빠짐,회현역,19:24,
565,2020-01-07,역구내 사고,공덕(5)역,21:25,
566,2020-01-07,발빠짐,구로디지털단지역,18:41,
567,2020-01-07,열차내 사고,노원(4)역,15:41,
568,2020-01-07,역구내 사고,종각역,18:30,
569,2020-01-07,역구내 사고,중화역,08:21,
570,2020-01-07,역구내 사고,구로디지털단지역,19:43,
571,2020-01-07,역구내 사고,목동역,07:09,
572,2020-01-07,출입문관련,고속터미널(3)역,18:05,
573,2020-01-07,역구내 사고,시청(1)역,14:42,
574,2020-01-08,출입문관련,서울(4)역,08:04,
575,2020-01-08,출입문관련,종로3가(1)역,16:10,
576,2020-01-08,출입문관련,부천시청역,18:47,
577,2020-01-08,열차내 사고,교대(2)역,09:50,
578,2020-01-08,열차내 사고,교대(2)역,09:47,
579,2020-01-09,역구내 사고,명동역,19:48,
580,2020-01-09,기타,대림(2)역,16:30,
581,2020-01-10,발빠짐,합정(6)역,08:20,
582,2020-01-10,발빠짐,사당(2)역,17:41,
583,2020-01-13,승강설비관련,마천역,21:41,
584,2020-01-13,열차내 사고,건대입구(7)역,07:27,
585,2020-01-15,발빠짐,동대문역사문화공원(4)역,09:09,
586,2020-01-15,출입문관련,제기동역,11:40,
587,2020-01-17,승강설비관련,제기동역,17:03,
588,2020-01-17,발빠짐,서울(1)역,15:23,
589,2020-01-19,기타,중계역,12:39,
590,2020-01-20,발빠짐,교대(2)역,22:24,
591,2020-01-20,출입문관련,연신내(6)역,19:01,
592,2020-01-20,출입문관련,경찰병원역,15:04,
593,2020-01-20,출입문관련,공덕(5)역,10:16,
594,2020-01-21,열차내 사고,원당역,08:20,
595,2020-01-21,출입문관련,청담역,08:45,
596,2020-01-21,출입문관련,삼송역,09:09,
597,2020-01-23,출입문관련,경찰병원역,08:15,
598,2020-01-23,출입문관련,신설동(1)역,08:45,
599,2020-01-27,출입문관련,수락산역,14:26,
600,2020-01-29,발빠짐,홍대입구역,22:28,
601,2020-01-29,열차내 사고,잠실(2)역,20:45,
602,2020-01-30,발빠짐,사당(2)역,18:30,
603,2020-01-31,발빠짐,구로디지털단지역,08:40,
604,2020-02-03,발빠짐,동대문역사문화공원(4)역,18:20,
605,2020-02-04,승강설비관련,온수(7)역,17:39,
606,2020-02-04,발빠짐,고속터미널(7)역,08:19,
607,2020-02-05,출입문관련,동대문(1)역,19:16,
608,2020-02-05,승강설비관련,회현역,13:36,
609,2020-02-05,역구내 사고,종로3가(1)역,07:50,
610,2020-02-05,출입문관련,상도역,17:45,
611,2020-02-05,발빠짐,동대문역사문화공원(4)역,08:15,
612,2020-02-06,승강설비관련,대림(7)역,10:45,
613,2020-02-07,기타,뚝섬역,10:30,
614,2020-02-07,출입문관련,성수역,08:43,
615,2020-02-10,출입문관련,충무로(3)역,08:42,
616,2020-02-12,발빠짐,어린이대공원역,08:18,
617,2020-02-13,역구내 사고,종로3가(1)역,06:40,
618,2020-02-13,발빠짐,동대문역사문화공원(4)역,21:29,
619,2020-02-15,출입문관련,서울(1)역,16:26,
620,2020-02-16,출입문관련,창동역,13:58,
621,2020-02-16,역구내 사고,삼성역,15:10,
622,2020-02-16,역구내 사고,삼성역,13:53,
623,2020-02-17,출입문관련,사당(2)역,16:40,
624,2020-02-17,발빠짐,금호역,08:25,
625,2020-02-17,역구내 사고,미아사거리역,13:30,
626,2020-02-18,역구내 사고,당산(2)역,16:02,
627,2020-02-18,역구내 사고,창동역,07:26,
628,2020-02-19,열차내 사고,애오개역,18:35,
629,2020-02-20,역구내 사고,군자(5)역,07:22,
630,2020-02-20,발빠짐,서울(1)역,12:12,
631,2020-02-21,역구내 사고,도봉산(7)역,08:50,
632,2020-02-21,열차내 사고,수락산역,19:03,
633,2020-02-28,승강설비관련,이수(7)역,23:00,
634,2020-03-01,역구내 사고,삼성역,19:51,
635,2020-03-02,승강설비관련,미아역,08:44,
636,2020-03-02,출입문관련,안국역,08:01,
637,2020-03-05,발빠짐,동대문역사문화공원(4)역,08:29,
638,2020-03-09,승강설비관련,마포역,19:00,
639,2020-03-10,역구내 사고,서대문역,05:35,
640,2020-03-10,역구내 사고,답십리역,22:50,
641,2020-03-10,역구내 사고,암사역,05:29,
642,2020-03-10,출입문관련,응암역,11:34,
643,2020-03-14,발빠짐,동대문역사문화공원(4)역,20:43,
644,2020-03-14,역구내 사고,용답역,16:47,
645,2020-03-15,기타,뚝섬역,13:05,
646,2020-03-15,출입문관련,아차산역,20:45,
647,2020-03-16,역구내 사고,먹골역,09:00,
648,2020-03-19,역구내 사고,건대입구(2)역,14:48,
649,2020-03-19,출입문관련,동묘앞(1)역,14:15,
650,2020-03-23,출입문관련,가락시장(8)역,22:45,
651,2020-03-24,출입문관련,영등포구청(2)역,07:28,
652,2020-03-26,열차내 사고,서울대입구역,17:05,
653,2020-03-27,역구내 사고,강변역,06:28,
654,2020-03-27,발빠짐,군자(7)역,08:19,
655,2020-03-27,발빠짐,성신여대입구역,22:47,
656,2020-03-27,역구내 사고,제기동역,11:50,
657,2020-03-29,출입문관련,반포역,17:23,
658,2020-03-31,역구내 사고,잠실새내역,09:30,
659,2020-03-31,열차내 사고,왕십리(5)역,09:02,
660,2020-04-01,출입문관련,녹번역,18:39,
661,2020-04-01,역구내 사고,군자(5)역,23:37,
662,2020-04-10,열차내 사고,동대문역사문화공원(2)역,09:18,
663,2020-04-12,역구내 사고,창동역,19:00,
664,2020-04-15,발빠짐,충무로(3)역,13:44,
665,2020-04-16,열차내 사고,홍대입구역,11:08,
666,2020-04-16,열차내 사고,녹사평역,09:49,
667,2020-04-18,발빠짐,상왕십리역,21:44,
668,2020-04-20,출입문관련,신사역,09:45,
669,2020-04-21,역구내 사고,잠실새내역,11:45,
670,2020-04-23,열차내 사고,동대문(4)역,20:45,
671,2020-04-25,역구내 사고,종각역,14:05,
672,2020-04-25,역구내 사고,종각역,14:10,
673,2020-04-25,열차내 사고,창동역,21:20,
674,2020-04-27,열차내 사고,낙성대역,09:05,
675,2020-04-27,출입문관련,신대방역,16:06,
676,2020-04-29,출입문관련,디지털미디어시티역,09:12,
677,2020-05-01,출입문관련,신림역,17:44,
678,2020-05-02,열차내 사고,신설동(1)역,11:30,
679,2020-05-02,역구내 사고,합정(6)역,18:00,
680,2020-05-02,열차내 사고,신설동(1)역,11:00,
681,2020-05-02,역구내 사고,창동역,11:40,
682,2020-05-03,출입문관련,온수(7)역,07:57,
683,2020-05-06,역구내 사고,당고개역,15:46,
684,2020-05-07,열차내 사고,사당(4)역,12:42,
685,2020-05-07,출입문관련,온수(7)역,07:57,
686,2020-05-08,열차내 사고,쌍문역,08:00,
687,2020-05-09,역구내 사고,망원역,09:45,
688,2020-05-09,열차내 사고,까치산(5)역,15:21,
689,2020-05-09,역구내 사고,오금(5)역,00:03,
690,2020-05-09,역구내 사고,왕십리(2)역,10:35,
691,2020-05-11,출입문관련,강남구청역,09:24,
692,2020-05-11,출입문관련,미아사거리역,18:21,
693,2020-05-13,출입문관련,가산디지털단지(7)역,18:22,
694,2020-05-13,발빠짐,제기동역,11:05,
695,2020-05-14,출입문관련,강동역,21:27,
696,2020-05-14,출입문관련,동대문역사문화공원(2)역,07:45,
697,2020-05-15,역구내 사고,창신역,17:44,
698,2020-05-15,역구내 사고,수락산역,09:38,
699,2020-05-16,발빠짐,충무로(3)역,16:18,
700,2020-05-19,역구내 사고,동대문(4)역,18:06,
701,2020-05-20,역구내 사고,청량리역,19:46,
702,2020-05-22,열차내 사고,신림역,20:16,
703,2020-05-22,역구내 사고,효창공원역,20:09,
704,2020-05-22,출입문관련,교대(2)역,18:10,
705,2020-05-24,출입문관련,공덕(5)역,15:18,
706,2020-05-24,승강설비관련,군자(5)역,16:11,
707,2020-05-24,열차내 사고,월곡역,20:22,
708,2020-05-24,열차내 사고,송파역,09:57,
709,2020-05-25,역구내 사고,서울(1)역,14:41,
710,2020-05-25,열차내 사고,동대문(1)역,18:19,
711,2020-05-25,역구내 사고,성수역,07:38,
712,2020-05-28,발빠짐,동대문역사문화공원(4)역,08:39,
713,2020-05-28,출입문관련,김포공항(5)역,13:48,
714,2020-05-29,열차내 사고,동대문(4)역,08:50,
715,2020-05-29,출입문관련,대치역,20:23,
716,2020-05-30,승강설비관련,회현역,10:37,
717,2020-06-01,출입문관련,하계역,09:16,
718,2020-06-01,출입문관련,부천종합운동장역,19:20,
719,2020-06-03,발빠짐,서대문역,08:41,
720,2020-06-03,발빠짐,신촌역,21:34,
721,2020-06-04,출입문관련,충무로(4)역,10:07,
722,2020-06-05,출입문관련,가산디지털단지(7)역,08:46,
723,2020-06-05,발빠짐,발산역,08:30,
724,2020-06-07,승강설비관련,신도림(2)역,15:40,
725,2020-06-08,열차내 사고,서대문역,08:46,
726,2020-06-08,역구내 사고,신용산역,18:13,
727,2020-06-11,열차내 사고,강남역,21:21,
728,2020-06-11,열차내 사고,서울(1)역,16:06,
729,2020-06-11,발빠짐,경복궁역 ,08:16,
730,2020-06-11,출입문관련,공덕(6)역,10:02,
731,2020-06-15,발빠짐,충무로(3)역,11:52,
732,2020-06-17,출입문관련,강변역,22:16,
733,2020-06-19,출입문관련,잠실나루역,20:28,
734,2020-06-19,출입문관련,신용산역,21:08,
735,2020-06-22,역구내 사고,아현역,17:45,
736,2020-06-23,발빠짐,구로디지털단지역,16:50,
737,2020-06-25,승강설비관련,영등포구청(5)역,15:34,
738,2020-06-25,열차내 사고,건대입구(7)역,08:30,
739,2020-06-26,출입문관련,노원(7)역,13:08,
740,2020-06-26,승강설비관련,까치산(5)역,08:13,
741,2020-06-26,출입문관련,중계역,,발생시간 미상
742,2020-06-29,출입문관련,상일동역,18:26,
743,2020-06-30,열차내 사고,동대문역사문화공원(5)역,06:15,
744,2020-06-30,발빠짐,도봉산(7)역,07:33,
745,2020-07-01,열차내 사고,홍제역,18:38,
746,2020-07-02,출입문관련,까치울역,17:36,
747,2020-07-02,열차내 사고,굽은다리역,18:50,
748,2020-07-02,출입문관련,종로5가역,17:17,
749,2020-07-03,출입문관련,신도림(2)역,11:50,
750,2020-07-03,출입문관련,서초역,17:35,
751,2020-07-05,발빠짐,시청(2)역,17:57,
752,2020-07-06,출입문관련,종로3가(5)역,10:25,
753,2020-07-06,출입문관련,교대(2)역,17:40,
754,2020-07-06,열차내 사고,사당(4)역,16:00,
755,2020-07-07,열차내 사고,시청(1)역,15:15,
756,2020-07-07,열차내 사고,사당(4)역,16:39,
757,2020-07-08,열차내 사고,가산디지털단지(7)역,10:38,
758,2020-07-08,역구내 사고,명동역,,발생시간 미상
759,2020-07-08,출입문관련,동대문역사문화공원(5)역,18:26,
760,2020-07-08,출입문관련,왕십리(2)역,11:40,
761,2020-07-09,출입문관련,성수역,17:24,
762,2020-07-09,출입문관련,사당(2)역,18:02,
763,2020-07-10,역구내 사고,당고개역,13:00,
764,2020-07-10,출입문관련,불광(3)역,07:58,
765,2020-07-11,발빠짐,성신여대입구역,16:08,
766,2020-07-13,승강설비관련,노원(7)역,21:05,
767,2020-07-14,역구내 사고,중곡역,,발생시간 미상
768,2020-07-14,출입문관련,사당(4)역,19:00,
769,2020-07-16,출입문관련,발산역,17:54,
770,2020-07-16,출입문관련,화곡역,17:20,
771,2020-07-16,출입문관련,까치산(5)역,08:10,
772,2020-07-17,역구내 사고,양재역,15:15,
773,2020-07-21,열차내 사고,합정(2)역,18:50,
774,2020-07-22,역구내 사고,신설동(1)역,05:45,
775,2020-07-22,발빠짐,방배역,18:35,
776,2020-07-23,출입문관련,방이역,13:40,
777,2020-07-23,역구내 사고,길음역,07:50,
778,2020-07-23,역구내 사고,서울(1)역,15:30,
779,2020-07-23,역구내 사고,면목역,20:55,
780,2020-07-23,열차내 사고,혜화역,15:05,
781,2020-07-24,출입문관련,내방역,18:36,
782,2020-07-27,출입문관련,청구(5)역,17:11,
783,2020-07-27,출입문관련,동작역,19:56,
784,2020-07-27,역구내 사고,삼성역,14:19,
785,2020-07-29,열차내 사고,문래역,08:55,
786,2020-07-29,열차내 사고,문래역,08:57,
787,2020-07-30,열차내 사고,구로디지털단지역,22:30,
788,2020-08-01,역구내 사고,이수(7)역,13:38,
789,2020-08-02,승강설비관련,고속터미널(3)역,09:57,
790,2020-08-02,승강설비관련,암사역,,발생시간 미상
791,2020-08-03,역구내 사고,역촌역,07:32,
792,2020-08-03,출입문관련,동대문역사문화공원(4)역,19:40,
793,2020-08-03,역구내 사고,회현역,09:20,
794,2020-08-05,출입문관련,선릉(2)역,09:36,
795,2020-08-05,열차내 사고,서울대입구역,23:31,
796,2020-08-06,승강설비관련,천호(5)역,12:22,
797,2020-08-07,출입문관련,금정역,13:10,
798,2020-08-07,출입문관련,신도림(2)역,21:30,
799,2020-08-07,출입문관련,대림(7)역,06:26,
800,2020-08-08,발빠짐,성신여대입구역,17:32,
801,2020-08-08,출입문관련,미아사거리역,08:47,
802,2020-08-08,출입문관련,발산역,11:39,
803,2020-08-10,기타,한양대역,,발생시간 미상
804,2020-08-10,역구내 사고,장승배기역,08:45,
805,2020-08-11,역구내 사고,하계역,11:03,
806,2020-08-12,출입문관련,애오개역,18:26,
807,2020-08-12,출입문관련,미사역,11:08,
808,2020-08-12,출입문관련,수유역,08:26,
809,2020-08-13,출입문관련,굽은다리역,22:52,
810,2020-08-13,출입문관련,대림(2)역,09:54,
811,2020-08-13,출입문관련,상일동역,07:35,
812,2020-08-14,출입문관련,발산역,12:20,
813,2020-08-14,승강설비관련,약수(6)역,17:07,
814,2020-08-14,열차내 사고,이수(4)역,18:35,
815,2020-08-16,역구내 사고,노원(4)역,12:19,
816,2020-08-16,출입문관련,미아역,09:19,
817,2020-08-18,출입문관련,까치산(5)역,08:15,
818,2020-08-19,역구내 사고,교대(2)역,12:00,
819,2020-08-19,출입문관련,신도림(2)역,08:37,
820,2020-08-20,승강설비관련,도봉산(7)역,08:32,
821,2020-08-21,역구내 사고,대치역,15:58,
822,2020-08-22,열차내 사고,신설동(1)역,09:30,
823,2020-08-27,발빠짐,장승배기역,21:35,
824,2020-08-28,발빠짐,여의도역,18:28,
825,2020-08-28,역구내 사고,동대입구역,21:10,
826,2020-08-29,열차내 사고,수유역,19:55,
827,2020-08-31,열차내 사고,광명사거리역,08:15,
828,2020-08-31,열차내 사고,당고개역,18:03,
829,2020-09-01,열차내 사고,을지로3가(3)역,08:20,
830,2020-09-02,역구내 사고,남부터미널역,23:10,
831,2020-09-02,역구내 사고,공릉역,13:17,
832,2020-09-03,열차내 사고,신정역,07:35,
833,2020-09-03,역구내 사고,시청(1)역,07:30,
834,2020-09-05,열차내 사고,암사역,22:16,
835,2020-09-06,열차내 사고,석계(1)역,15:05,
836,2020-09-06,역구내 사고,이수(7)역,16:50,
837,2020-09-07,역구내 사고,강변역,08:51,
838,2020-09-07,역구내 사고,수락산역,08:34,
839,2020-09-07,역구내 사고,성수역,18:40,
840,2020-09-10,역구내 사고,하계역,09:42,
841,2020-09-11,발빠짐,서울(1)역,15:51,
842,2020-09-11,출입문관련,건대입구(2)역,08:27,
843,2020-09-16,발빠짐,동대문역사문화공원(4)역,09:48,
844,2020-09-17,출입문관련,미아역,15:47,
845,2020-09-19,출입문관련,성신여대입구역,18:32,
846,2020-09-19,역구내 사고,창동역,00:20,
847,2020-09-21,발빠짐,동대문역사문화공원(4)역,07:59,
848,2020-09-23,열차내 사고,매봉역,09:20,
849,2020-09-23,열차내 사고,이수(4)역,07:23,
850,2020-09-24,역구내 사고,부평구청역,18:54,
851,2020-09-25,역구내 사고,제기동역,09:00,
852,2020-09-25,역구내 사고,대림(2)역,13:30,
853,2020-09-25,발빠짐,연신내(6)역,07:35,
854,2020-09-27,출입문관련,도봉산(7)역,14:46,
855,2020-09-28,역구내 사고,동묘앞(1)역,08:18,
856,2020-09-28,열차내 사고,명동역,07:54,
857,2020-10-01,출입문관련,서울대입구역,12:50,
858,2020-10-04,승강설비관련,오금(3)역,12:07,
859,2020-10-05,출입문관련,신길역,13:40,
860,2020-10-06,승강설비관련,충무로(4)역,09:31,
861,2020-10-06,열차내 사고,미아사거리역,23:30,
862,2020-10-07,출입문관련,개봉역,08:29,
863,2020-10-07,출입문관련,면목역,17:55,
864,2020-10-12,출입문관련,상봉역,17:25,
865,2020-10-12,열차내 사고,건대입구(7)역,08:48,
866,2020-10-12,역구내 사고,동대문역사문화공원(5)역,08:28,
867,2020-10-13,출입문관련,잠실(2)역,13:03,
868,2020-10-13,역구내 사고,신도림(2)역,12:28,
869,2020-10-13,출입문관련,당고개역,06:05,
870,2020-10-14,열차내 사고,공릉역,08:27,
871,2020-10-16,열차내 사고,방화역,17:45,
872,2020-10-16,열차내 사고,이수(4)역,11:01,
873,2020-10-19,역구내 사고,종각역,07:03,
874,2020-10-21,승강설비관련,청량리역,13:45,
875,2020-10-21,승강설비관련,청량리역,13:45,
876,2020-10-21,출입문관련,선릉(2)역,16:57,
877,2020-10-23,출입문관련,양재(3)역,16:45,
878,2020-10-24,열차내 사고,구파발(3)역,13:10,
879,2020-10-26,역구내 사고,노원(7)역,11:53,
880,2020-10-28,승강설비관련,불광(6)역,15:49,
881,2020-10-28,발빠짐,마포역,18:13,
882,2020-10-30,열차내 사고,충무로(4)역,17:00,
883,2020-10-31,역구내 사고,동대문(1)역,06:30,
884,2020-10-31,역구내 사고,합정(6)역,19:45,
885,2020-11-02,열차내 사고,건대입구(7)역,10:30,
886,2020-11-03,역구내 사고,홍제역,15:40,
887,2020-11-03,열차내 사고,매봉역,10:59,
888,2020-11-03,출입문관련,동대문역사문화공원(2)역,16:14,
889,2020-11-03,역구내 사고,구파발(3)역,19:25,
890,2020-11-04,발빠짐,고속터미널(7)역,18:23,
891,2020-11-07,역구내 사고,응암역,10:52,
892,2020-11-07,승강설비관련,오목교역,21:53,
893,2020-11-07,기타,노원(4)역,15:00,
894,2020-11-07,열차내 사고,아차산역,18:00,
895,2020-11-10,열차내 사고,음암역,19:27,
896,2020-11-11,역구내 사고,왕십리(2)역,18:27,
897,2020-11-12,열차내 사고,건대입구(7)역,08:38,
898,2020-11-17,역구내 사고,화랑대역,11:25,
899,2020-11-17,역구내 사고,수유역,19:22,
900,2020-11-19,역구내 사고,교대(2)역,13:09,
901,2020-11-19,열차내 사고,신도림(2)역,17:50,
902,2020-11-19,역구내 사고,철산역,07:22,
903,2020-11-19,역구내 사고,신설동(1)역,12:50,
904,2020-11-19,열차내 사고,암사역,11:15,
905,2020-11-19,열차내 사고,구로디지털단지역,17:55,
906,2020-11-19,역구내 사고,창동역,09:22,
907,2020-11-19,역구내 사고,노원(4)역,09:10,
908,2020-11-19,발빠짐,경복궁역 ,13:55,
909,2020-11-19,열차내 사고,문래역,17:55,
910,2020-11-19,역구내 사고,신도림(2)역,08:15,
911,2020-11-23,출입문관련,독산역,09:07,
912,2020-11-23,역구내 사고,신림역,09:33,
913,2020-11-24,열차내 사고,정부과천청사역,09:15,
914,2020-11-24,발빠짐,철산역,18:54,
915,2020-11-24,열차내 사고,을지로4가역,08:32,
916,2020-11-25,출입문관련,봉화산역,23:12,
917,2020-11-26,발빠짐,철산역,08:41,
918,2020-11-26,출입문관련,대림(7)역,14:20,
919,2020-11-27,열차내 사고,까치산(2)역,20:05,
920,2020-11-27,출입문관련,을지로입구역,12:53,
921,2020-11-30,열차내 사고,안양역,09:50,
922,2020-11-30,열차내 사고,대화역,14:00,
923,2020-11-30,역구내 사고,길음역,07:38,
924,2020-11-30,열차내 사고,사당(2)역,08:29,
925,2020-11-30,출입문관련,을지로4가역,16:09,
926,2020-12-02,열차내 사고,신설동(1)역,15:10,
927,2020-12-04,출입문관련,건대입구(7)역,17:11,
928,2020-12-04,역구내 사고,충무로(4)역,13:55,
929,2020-12-07,발빠짐,이수(7)역,08:30,
930,2020-12-08,승강설비관련,구로디지털단지역,11:29,
931,2020-12-11,승강설비관련,미아사거리역,15:35,
932,2020-12-14,역구내 사고,홍대입구역,00:02,
933,2020-12-15,발빠짐,동대문역사문화공원(5)역,15:58,
934,2020-12-15,승강설비관련,쌍문역,15:46,
935,2020-12-18,출입문관련,부천역,17:15,
936,2020-12-21,역구내 사고,광명사거리역,11:08,
937,2020-12-24,열차내 사고,충무로(3)역,08:20,
938,2020-12-29,열차내 사고,면목역,12:35,
939,2020-12-30,출입문관련,도곡역,16:17,
940,2020-12-31,역구내 사고,동작역,08:11,
941,2021-01-02,역구내 사고,합정(2)역,08:00,
942,2021-01-02,역구내 사고,교대(3)역,16:30,
943,2021-01-03,역구내 사고,사당(4)역,10:30,
944,2021-01-04,출입문관련,몽촌토성역,18:22,
945,2021-01-05,출입문관련,대림(7)역,07:27,
946,2021-01-06,열차내 사고,강남역,19:20,
947,2021-01-07,기타,수락산역,08:00,
948,2021-01-07,승강설비관련,충무로(4)역,11:27,
949,2021-01-07,열차내 사고,태릉입구(6)역,14:09,
950,2021-01-07,역구내 사고,사당(2)역,09:08,
951,2021-01-07,승강설비관련,방배역,21:20,
952,2021-01-07,역구내 사고,미아역,09:08,
953,2021-01-07,역구내 사고,불광(6)역,08:00,
954,2021-01-08,발빠짐,경복궁역 ,08:27,
955,2021-01-08,역구내 사고,신림역,14:04,
956,2021-01-09,기타,암사역,15:06,
957,2021-01-10,역구내 사고,수유역,14:30,
958,2021-01-10,역구내 사고,창동역,08:40,
959,2021-01-11,발빠짐,강남역,18:35,
960,2021-01-11,역구내 사고,역삼역,19:43,
961,2021-01-11,발빠짐,동대문역사문화공원(2)역,14:16,
962,2021-01-12,역구내 사고,문래역,19:55,
963,2021-01-12,역구내 사고,잠실나루역,21:36,
964,2021-01-12,기타,숭실대입구역,11:20,
965,2021-01-12,역구내 사고,공덕(5)역,08:45,
966,2021-01-12,출입문관련,서울(4)역,16:40,
967,2021-01-13,역구내 사고,충정로(2)역,07:40,
968,2021-01-13,승강설비관련,모란역,10:40,
969,2021-01-13,열차내 사고,홍대입구역,12:45,
970,2021-01-13,역구내 사고,광화문역,08:54,
971,2021-01-13,역구내 사고,신사역,09:45,
972,2021-01-13,역구내 사고,논현역,10:35,
973,2021-01-13,역구내 사고,을지로3가(3)역,13:00,
974,2021-01-16,발빠짐,동작역,12:16,
975,2021-01-18,역구내 사고,면목역,14:52,
976,2021-01-18,출입문관련,굽은다리역,21:03,
977,2021-01-20,열차내 사고,청량리역,16:30,
978,2021-01-20,승강설비관련,애오개역,06:34,
979,2021-01-21,역구내 사고,한성대입구역,22:40,
980,2021-01-21,역구내 사고,길음역,14:51,
981,2021-01-21,역구내 사고,사당(4)역,16:44,
982,2021-01-26,출입문관련,명일역,19:29,
983,2021-01-26,출입문관련,명일역,19:29,
984,2021-01-28,역구내 사고,화랑대역,16:15,
985,2021-01-28,발빠짐,이수(7)역,08:18,
986,2021-01-28,역구내 사고,연신내(3)역,11:10,
987,2021-01-29,역구내 사고,구로디지털단지역,15:30,
988,2021-01-29,출입문관련,신도림(1)역,19:45,
989,2021-01-29,열차내 사고,온수(7)역,15:25,
990,2021-01-30,발빠짐,신길역,18:15,
991,2021-02-01,출입문관련,숙대입구역,14:27,
992,2021-02-03,열차내 사고,길동역,18:38,
993,2021-02-03,출입문관련,신이문역,18:04,
994,2021-02-03,출입문관련,수유역,17:38,
995,2021-02-03,열차내 사고,천호(5)역,21:40,
996,2021-02-04,역구내 사고,잠원역,15:10,
997,2021-02-06,역구내 사고,성수역,15:41,
998,2021-02-08,역구내 사고,독바위역,12:40,
999,2021-02-09,열차내 사고,사당(2)역,18:29,
1000,2021-02-09,열차내 사고,신림역,18:29,
1001,2021-02-09,승강설비관련,신대방삼거리역,16:41,
1002,2021-02-10,승강설비관련,오금(3)역,21:49,
1003,2021-02-13,역구내 사고,경복궁역 ,10:55,
1004,2021-02-16,열차내 사고,충정로(2)역,08:45,
1005,2021-02-16,출입문관련,잠실(2)역,22:08,
1006,2021-02-18,승강설비관련,충무로(3)역,10:10,
1007,2021-02-18,출입문관련,충무로(3)역,14:16,
1008,2021-02-18,발빠짐,군자(7)역,08:43,
1009,2021-02-18,열차내 사고,광화문역,18:22,
1010,2021-02-21,역구내 사고,중화역,11:38,
1011,2021-02-22,역구내 사고,제기동역,21:33,
1012,2021-02-25,발빠짐,양천구청역,07:43,
1013,2021-02-25,출입문관련,불광(3)역,19:23,
1014,2021-02-25,출입문관련,교대(3)역,16:57,
1015,2021-02-26,역구내 사고,까치산(5)역,13:20,
1016,2021-03-03,역구내 사고,삼성역,07:06,
1017,2021-03-03,출입문관련,범계역,16:26,
1018,2021-03-04,발빠짐,신대방역,16:20,
1019,2021-03-05,열차내 사고,신도림(2)역,18:30,
1020,2021-03-05,열차내 사고,신도림(2)역,18:30,
1021,2021-03-05,열차내 사고,방배역,18:40,
1022,2021-03-05,열차내 사고,신림역,18:40,
1023,2021-03-06,역구내 사고,구로디지털단지역,18:30,
1024,2021-03-09,역구내 사고,상동역,17:55,
1025,2021-03-09,역구내 사고,상동역,18:00,
1026,2021-03-09,발빠짐,신당(2)역,08:35,
1027,2021-03-10,출입문관련,신당(2)역,16:30,
1028,2021-03-15,발빠짐,을지로4가역,08:26,
1029,2021-03-15,출입문관련,쌍문역,13:29,
1030,2021-03-17,출입문관련,군자(7)역,09:51,
1031,2021-03-18,역구내 사고,상계역,13:30,
1032,2021-03-19,출입문관련,신도림(2)역,16:25,
1033,2021-03-20,출입문관련,신림역,18:27,
1034,2021-03-23,출입문관련,어린이대공원역,13:58,
1035,2021-03-23,역구내 사고,사당(4)역,08:30,
1036,2021-03-26,역구내 사고,영등포시장역,08:50,
1037,2021-03-27,역구내 사고,새절역,22:57,
1038,2021-03-27,열차내 사고,신도림(2)역,15:50,
1039,2021-03-29,출입문관련,상도역,17:37,
1040,2021-03-29,출입문관련,주안역,16:45,
1041,2021-03-31,출입문관련,목동역,09:26,
1042,2021-03-31,출입문관련,을지로3가(2)역,15:11,
1043,2021-04-01,열차내 사고,종로5가역,07:09,
1044,2021-04-01,승강설비관련,신도림(2)역,10:49,
1045,2021-04-01,승강설비관련,신도림(2)역,10:59,
1046,2021-04-01,승강설비관련,신도림(2)역,10:59,
1047,2021-04-01,출입문관련,제기동역,14:22,
1048,2021-04-05,역구내 사고,창동역,09:50,
1049,2021-04-05,출입문관련,노원(4)역,09:33,
1050,2021-04-05,열차내 사고,공릉역,08:27,
1051,2021-04-05,출입문관련,신도림(2)역,14:16,
1052,2021-04-06,출입문관련,건대입구(7)역,07:57,
1053,2021-04-07,출입문관련,여의도역,18:21,
1054,2021-04-08,열차내 사고,화곡역,16:22,
1055,2021-04-08,출입문관련,대림(7)역,09:42,
1056,2021-04-08,열차내 사고,고속터미널(7)역,08:25,
1057,2021-04-09,출입문관련,신도림(2)역,12:44,
1058,2021-04-11,출입문관련,혜화역,12:21,
1059,2021-04-12,역구내 사고,잠원역,22:00,
1060,2021-04-12,승강설비관련,천호(5)역,14:19,
1061,2021-04-12,출입문관련,잠실(8)역,17:39,
1062,2021-04-13,열차내 사고,강일역,07:54,
1063,2021-04-14,열차내 사고,청량리역,16:30,
1064,2021-04-17,출입문관련,혜화역,11:08,
1065,2021-04-19,발빠짐,충무로(3)역,08:57,
1066,2021-04-20,출입문관련,양재역,18:06,
1067,2021-04-20,출입문관련,용마산역,21:08,
1068,2021-04-21,열차내 사고,합정(2)역,09:57,
1069,2021-04-22,출입문관련,회현역,18:50,
1070,2021-04-23,출입문관련,동대문역사문화공원(5)역,17:56,
1071,2021-04-29,역구내 사고,광화문역,09:25,
1072,2021-04-30,열차내 사고,대화역,14:00,
1073,2021-04-30,승강설비관련,종로3가(3)역,14:06,
1074,2021-04-30,열차내 사고,신당(2)역,21:30,
1075,2021-05-02,출입문관련,영등포시장역,14:31,
1076,2021-05-03,출입문관련,광명사거리역,18:13,
1077,2021-05-03,열차내 사고,건대입구(2)역,16:13,
1078,2021-05-04,발빠짐,동대문역사문화공원(4)역,08:44,
1079,2021-05-08,출입문관련,창동역,11:17,
1080,2021-05-10,열차내 사고,군자(7)역,08:25,
1081,2021-05-10,열차내 사고,동대문(4)역,10:37,
1082,2021-05-10,출입문관련,사당(2)역,18:38,
1083,2021-05-11,발빠짐,신길역,09:53,
1084,2021-05-12,출입문관련,미아사거리역,07:52,
1085,2021-05-14,역구내 사고,당산(2)역,21:41,
1086,2021-05-15,출입문관련,잠실(2)역,12:29,
1087,2021-05-15,발빠짐,회현역,13:16,
1088,2021-05-18,열차내 사고,청량리역,12:11,
1089,2021-05-20,출입문관련,발산역,17:36,
1090,2021-05-21,역구내 사고,고속터미널(3)역,20:55,
1091,2021-05-22,열차내 사고,고속터미널(3)역,16:00,
1092,2021-05-24,열차내 사고,당산(2)역,21:55,
1093,2021-05-24,출입문관련,동대문역사문화공원(4)역,18:37,
1094,2021-05-26,출입문관련,명동역,14:38,
1095,2021-05-26,출입문관련,건대입구(7)역,17:30,
1096,2021-05-26,발빠짐,응암역,09:46,
1097,2021-05-26,출입문관련,서울(4)역,17:48,
1098,2021-05-27,발빠짐,보문역,08:21,
1099,2021-05-27,출입문관련,공덕(5)역,18:47,
1100,2021-05-27,역구내 사고,왕십리(2)역,22:19,
1101,2021-05-28,열차내 사고,구파발(3)역,08:30,
1102,2021-05-28,열차내 사고,앙재역,07:50,
1103,2021-05-28,열차내 사고,사당(4)역,07:50,
1104,2021-05-28,열차내 사고,녹번역,08:03,
1105,2021-05-28,역구내 사고,성신여대입구역,09:32,
1106,2021-05-28,출입문관련,종로5가역,08:40,
1107,2021-05-29,발빠짐,고속터미널(7)역,12:07,
1108,2021-05-31,역구내 사고,종로5가역,12:07,
1109,2021-05-31,출입문관련,동묘앞(1)역,19:14,
1110,2021-06-01,출입문관련,종로3가(5)역,14:45,
1111,2021-06-02,출입문관련,미아역,22:28,
1112,2021-06-02,승강설비관련,오금(3)역,09:08,
1113,2021-06-03,승강설비관련,상동역,14:18,
1114,2021-06-03,역구내 사고,신정네거리역,00:05,
1115,2021-06-06,역구내 사고,천왕역,07:58,
1116,2021-06-06,기타,동작역,13:00,
1117,2021-06-06,발빠짐,목동역,21:48,
1118,2021-06-07,발빠짐,이수(7)역,08:08,
1119,2021-06-10,열차내 사고,단대오거리역,07:45,
1120,2021-06-10,발빠짐,회현역,18:57,
1121,2021-06-10,출입문관련,교대(3)역,18:55,
1122,2021-06-10,출입문관련,교대(2)역,19:29,
1123,2021-06-12,출입문관련,강남역,13:56,
1124,2021-06-14,승강설비관련,합정(6)역,08:03,
1125,2021-06-15,역구내 사고,상동역,07:52,
1126,2021-06-17,역구내 사고,길음역,12:37,
1127,2021-06-17,출입문관련,방화역,15:00,
1128,2021-06-18,출입문관련,천호(5)역,18:50,
1129,2021-06-18,승강설비관련,신림역,08:20,
1130,2021-06-21,출입문관련,상계역,18:17,
1131,2021-06-21,출입문관련,홍대입구역,17:55,
1132,2021-06-25,출입문관련,교대(3)역,18:27,
1133,2021-06-26,출입문관련,사당(2)역,17:35,
1134,2021-06-26,출입문관련,사당(4)역,18:53,
1135,2021-06-27,역구내 사고,경복궁역 ,19:59,
1136,2021-06-27,발빠짐,구로디지털단지역,11:33,
1137,2021-06-28,출입문관련,하남풍산역,16:11,
1138,2021-06-28,출입문관련,산본역,17:41,
1139,2021-06-30,역구내 사고,태릉입구(6)역,13:21,
1140,2021-07-02,발빠짐,동대문역사문화공원(4)역,08:20,
1141,2021-07-04,역구내 사고,봉천역,13:46,
1142,2021-07-05,출입문관련,강남역,07:45,
1143,2021-07-07,역구내 사고,서울(4)역,15:37,
1144,2021-07-08,열차내 사고,수락산역,08:37,
1145,2021-07-09,역구내 사고,제기동역,15:45,
1146,2021-07-09,열차내 사고,영등포구청(2)역,18:55,
1147,2021-07-09,발빠짐,아현역,16:28,
1148,2021-07-09,발빠짐,서울(1)역,16:05,
1149,2021-07-09,열차내 사고,영등포구청(2)역,18:35,
1150,2021-07-09,열차내 사고,문래역,18:40,
1151,2021-07-13,출입문관련,구파발(3)역,21:25,
1152,2021-07-16,역구내 사고,신도림(2)역,08:14,
1153,2021-07-16,역구내 사고,제기동역,16:36,
1154,2021-07-18,역구내 사고,합정(2)역,05:38,
1155,2021-07-19,출입문관련,군자(5)역,08:14,
1156,2021-07-22,열차내 사고,까치울역,10:06,
1157,2021-07-24,승강설비관련,교대(2)역,17:07,
1158,2021-07-28,출입문관련,구의역,08:34,
1159,2021-07-28,발빠짐,연신내(6)역,15:11,
1160,2021-07-29,열차내 사고,송파역,17:16,
1161,2021-07-29,출입문관련,신설동(1)역,19:43,
1162,2021-07-29,역구내 사고,신대방삼거리역,08:58,
1163,2021-07-31,역구내 사고,화랑대역,06:52,
1164,2021-08-02,출입문관련,수유역,11:27,
1165,2021-08-02,열차내 사고,신길역,08:14,
1166,2021-08-04,출입문관련,공덕(5)역,17:00,
1167,2021-08-05,발빠짐,서울(1)역,18:23,
1168,2021-08-06,발빠짐,신촌역,17:34,
1169,2021-08-06,역구내 사고,영등포구청(5)역,08:20,
1170,2021-08-07,승강설비관련,가락시장(3)역,06:31,
1171,2021-08-08,출입문관련,상일동역,11:07,
1172,2021-08-08,출입문관련,장지역,13:21,
1173,2021-08-09,출입문관련,창동역,18:14,
1174,2021-08-10,발빠짐,압구정역,16:37,
1175,2021-08-11,기타,구의역,08:50,
1176,2021-08-12,출입문관련,잠실(2)역,18:14,
1177,2021-08-12,역구내 사고,성수역,18:05,
1178,2021-08-13,역구내 사고,사당(2)역,14:31,
1179,2021-08-14,출입문관련,한성대입구역,14:00,
1180,2021-08-15,출입문관련,미아사거리역,10:34,
1181,2021-08-19,발빠짐,동대문역사문화공원(4)역,05:53,
1182,2021-08-21,역구내 사고,삼산체육관역,09:25,
1183,2021-08-21,열차내 사고,당고개역,13:51,
1184,2021-08-24,역구내 사고,회현역,16:00,
1185,2021-08-24,열차내 사고,동묘앞(1)역,07:32,
1186,2021-08-26,발빠짐,압구정역,15:30,
1187,2021-08-27,출입문관련,양재역,15:05,
1188,2021-08-27,발빠짐,동대문역사문화공원(4)역,08:44,
1189,2021-08-29,발빠짐,고속터미널(7)역,17:20,
1190,2021-08-30,열차내 사고,구일역,08:28,
1191,2021-08-30,출입문관련,까치산(5)역,18:37,
1192,2021-08-31,발빠짐,고속터미널(7)역,18:23,
1193,2021-08-31,역구내 사고,신도림(2)역,16:56,
1194,2021-08-31,출입문관련,신사역,09:15,
1195,2021-09-01,열차내 사고,방배역,18:21,
1196,2021-09-01,발빠짐,서울(1)역,08:07,
1197,2021-09-03,역구내 사고,아현역,17:33,
1198,2021-09-03,출입문관련,김포공항(5)역,16:47,
1199,2021-09-04,출입문관련,교대(3)역,13:17,
1200,2021-09-07,역구내 사고,구로디지털단지역,18:20,
1201,2021-09-07,출입문관련,상일동역,19:34,
1202,2021-09-07,역구내 사고,구의역,10:04,
1203,2021-09-07,열차내 사고,영등포구청(2)역,14:47,
1204,2021-09-07,역구내 사고,춘의역,07:22,
1205,2021-09-08,열차내 사고,방배역,18:57,
1206,2021-09-08,열차내 사고,사당(2)역,18:56,
1207,2021-09-10,출입문관련,고속터미널(7)역,09:58,
1208,2021-09-14,출입문관련,경복궁역 ,11:04,
1209,2021-09-14,출입문관련,회현역,17:04,
1210,2021-09-14,발빠짐,연신내(6)역,15:27,
1211,2021-09-14,열차내 사고,어린이대공원역,08:26,
1212,2021-09-14,출입문관련,인덕원역,19:05,
1213,2021-09-15,출입문관련,동대문역사문화공원(4)역,09:45,
1214,2021-09-15,출입문관련,충무로(4)역,10:22,
1215,2021-09-15,출입문관련,금정역,08:15,
1216,2021-09-16,출입문관련,목동역,12:29,
1217,2021-09-16,출입문관련,미아사거리역,10:09,
1218,2021-09-18,역구내 사고,선릉(2)역,18:57,
1219,2021-09-23,출입문관련,천호(5)역,10:02,
1220,2021-09-24,기타,뚝섬역,01:30,
1221,2021-09-25,발빠짐,신촌역,12:17,
1222,2021-09-27,출입문관련,종로3가(3)역,08:32,
1223,2021-09-27,열차내 사고,도봉산(7)역,19:33,
1224,2021-09-27,출입문관련,미아사거리역,13:11,
1225,2021-09-28,출입문관련,신사역,15:14,
1226,2021-09-28,역구내 사고,강남역,09:15,
1227,2021-09-28,출입문관련,광나루역,12:08,
1228,2021-09-28,발빠짐,압구정역,18:13,
1229,2021-09-28,출입문관련,창동역,09:08,
1230,2021-09-29,출입문관련,오이도역,07:57,
1231,2021-09-29,승강설비관련,신당(2)역,08:25,
1232,2021-10-01,역구내 사고,잠실(8)역,11:44,
1233,2021-10-03,출입문관련,우장산역,16:18,
1234,2021-10-06,발빠짐,동대문(1)역,17:04,
1235,2021-10-07,역구내 사고,을지로4가역,13:25,
1236,2021-10-07,역구내 사고,노원(7)역,12:52,
1237,2021-10-08,발빠짐,신촌역,15:43,
1238,2021-10-08,발빠짐,방배역,19:02,
1239,2021-10-08,출입문관련,문정역,07:31,
1240,2021-10-08,역구내 사고,성수역,10:35,
1241,2021-10-08,출입문관련,건대입구(2)역,20:10,
1242,2021-10-09,역구내 사고,종로3가(3)역,07:00,
1243,2021-10-11,기타,수락산역,09:40,
1244,2021-10-11,기타,수락산역,09:40,
1245,2021-10-12,열차내 사고,신도림(2)역,07:58,
1246,2021-10-13,발빠짐,경찰병원역,16:48,
1247,2021-10-13,출입문관련,논현역,09:02,
1248,2021-10-13,역구내 사고,고속터미널(3)역,20:50,
1249,2021-10-14,출입문관련,역삼역,08:40,
1250,2021-10-15,열차내 사고,서울대입구역,17:00,
1251,2021-10-15,승강설비관련,삼각지(6)역,08:28,
1252,2021-10-15,역구내 사고,이수(7)역,17:10,
1253,2021-10-18,역구내 사고,하계역,09:25,
1254,2021-10-18,승강설비관련,사당(4)역,21:35,
1255,2021-10-19,출입문관련,시청(2)역,07:34,
1256,2021-10-20,열차내 사고,봉화산역,10:45,
1257,2021-10-20,발빠짐,공릉역,07:48,
1258,2021-10-20,출입문관련,당고개역,17:43,
1259,2021-10-21,열차내 사고,방배역,09:40,
1260,2021-10-21,승강설비관련,고속터미널(7)역,07:55,
1261,2021-10-22,출입문관련,가락시장(3)역,08:39,
1262,2021-10-22,출입문관련,태릉입구(7)역,11:37,
1263,2021-10-22,출입문관련,신설동(1)역,16:06,
1264,2021-10-23,출입문관련,사당(2)역,18:05,
1265,2021-10-25,출입문관련,수유역,07:39,
1266,2021-10-25,출입문관련,독립문역,18:03,
1267,2021-10-26,열차내 사고,열차내,16:30,
1268,2021-10-26,출입문관련,동대문역사문화공원(4)역,20:56,
1269,2021-10-28,출입문관련,강남구청역,16:35,
1270,2021-10-28,역구내 사고,신풍역,06:48,
1271,2021-10-30,출입문관련,부평(1)역,19:06,
1272,2021-10-30,출입문관련,경복궁역 ,15:03,
1273,2021-10-30,출입문관련,강남역,16:26,
1274,2021-10-30,출입문관련,경복궁역 ,15:03,
1275,2021-11-01,발빠짐,동대문역사문화공원(5)역,21:37,
1276,2021-11-01,출입문관련,고속터미널(3)역,18:30,
1277,2021-11-02,열차내 사고,구로디지털단지역,08:30,
1278,2021-11-02,출입문관련,성신여대입구역,12:01,
1279,2021-11-02,출입문관련,고속터미널(7)역,10:16,
1280,2021-11-02,출입문관련,종로3가(5)역,22:34,
1281,2021-11-02,출입문관련,창동역,08:39,
1282,2021-11-03,발빠짐,성신여대입구역,16:04,
1283,2021-11-04,역구내 사고,쌍문역,16:04,
1284,2021-11-05,역구내 사고,서울대입구역,12:00,
1285,2021-11-05,출입문관련,대화역,13:44,
1286,2021-11-05,출입문관련,교대(2)역,13:50,
1287,2021-11-05,역구내 사고,연신내(6)역,21:44,
1288,2021-11-06,발빠짐,이수(4)역,19:52,
1289,2021-11-08,역구내 사고,신림역,08:13,
1290,2021-11-09,역구내 사고,먹골역,10:19,
1291,2021-11-09,역구내 사고,장한평역,12:57,
1292,2021-11-09,출입문관련,홍대입구역,19:55,
1293,2021-11-10,승강설비관련,성신여대입구역,12:47,
1294,2021-11-12,열차내 사고,방배역,08:44,
1295,2021-11-13,출입문관련,강동역,20:17,
1296,2021-11-14,승강설비관련,잠실새내역,18:04,
1297,2021-11-15,출입문관련,동대문(1)역,22:22,
1298,2021-11-17,열차내 사고,동묘앞(1)역,18:35,
1299,2021-11-17,역구내 사고,강동역,17:30,
1300,2021-11-17,열차내 사고,동묘앞(1)역,18:35,
1301,2021-11-20,출입문관련,올림픽공원역,15:35,
1302,2021-11-23,열차내 사고,동대문역사문화공원(4)역,14:35,
1303,2021-11-24,열차내 사고,이수(7)역,08:19,
1304,2021-11-26,승강설비관련,상동역,19:19,
1305,2021-11-26,출입문관련,교대(3)역,21:33,
1306,2021-11-26,출입문관련,안양역,09:15,
1307,2021-11-27,역구내 사고,봉천역,21:00,
1308,2021-11-29,발빠짐,사당(2)역,08:23,
1309,2021-11-30,기타,상계역,07:20,
1310,2021-11-30,발빠짐,천왕역,09:32,
1311,2021-12-02,출입문관련,개롱역,08:22,
1312,2021-12-03,역구내 사고,교대(3)역,10:04,
1313,2021-12-03,출입문관련,굽은다리역,16:13,
1314,2021-12-04,발빠짐,연신내(6)역,12:03,
1315,2021-12-04,출입문관련,강남역,10:48,
1316,2021-12-07,출입문관련,가락시장(8)역,12:06,
1317,2021-12-09,출입문관련,미아사거리역,17:10,
1318,2021-12-10,승강설비관련,상도역,13:02,
1319,2021-12-13,열차내 사고,신이문역,10:35,
1320,2021-12-14,발빠짐,신금호역,17:30,
1321,2021-12-17,출입문관련,구로디지털단지역,17:25,
1322,2021-12-18,역구내 사고,교대(3)역,22:30,
1323,2021-12-19,승강설비관련,동대문역사문화공원(4)역,18:23,
1324,2021-12-19,역구내 사고,미사역,07:46,
1325,2021-12-20,역구내 사고,신설동(1)역,08:45,
1326,2021-12-20,출입문관련,남부터미널역,14:52,
1327,2021-12-22,출입문관련,동대문역사문화공원(2)역,08:34,
1328,2021-12-24,열차내 사고,신도림(2)역,08:10,
1329,2021-12-25,역구내 사고,홍대입구역,18:04,
1330,2021-12-26,승강설비관련,서울대입구역,13:58,
1331,2021-12-26,기타,창동역,00:00,
1332,2021-12-27,역구내 사고,회현역,17:40,
1333,2021-12-29,발빠짐,압구정역,12:33,
1334,2021-12-30,승강설비관련,동대문(4)역,15:32,
1335,2022-01-02,열차내 사고,신도림(1)역,09:50,
1336,2022-01-03,승강설비관련,방화역,08:29,
1337,2022-01-06,출입문관련,충무로(3)역,08:03,
1338,2022-01-07,역구내 사고,장한평역,11:00,
1339,2022-01-11,열차내 사고,석계(1)역,18:45,
1340,2022-01-13,승강설비관련,미사역,09:53,
1341,2022-01-13,발빠짐,경복궁역 ,08:53,
1342,2022-01-14,출입문관련,수유역,10:29,
1343,2022-01-15,역구내 사고,장지역,16:52,
1344,2022-01-17,출입문관련,잠실(2)역,22:26,
1345,2022-01-17,출입문관련,이수(4)역,12:41,
1346,2022-01-18,출입문관련,선릉(2)역,19:12,
1347,2022-01-19,역구내 사고,구산역,16:25,
1348,2022-01-19,역구내 사고,낙성대역,10:07,
1349,2022-01-19,역구내 사고,노원(7)역,10:25,
1350,2022-01-19,열차내 사고,월곡역,16:06,
1351,2022-01-19,역구내 사고,청량리역,13:40,
1352,2022-01-20,역구내 사고,종로3가(3)역,14:15,
1353,2022-01-21,역구내 사고,잠실나,21:40,
1354,2022-01-21,역구내 사고,월드컵경기장역,16:01,
1355,2022-01-21,역구내 사고,동대문(1)역,13:00,
1356,2022-01-21,역구내 사고,회현역,14:06,
1357,2022-01-21,발빠짐,동대문역사문화공원(4)역,07:28,
1358,2022-01-22,출입문관련,숙대입구역,11:50,
1359,2022-01-22,열차내 사고,상도역,13:27,
1360,2022-01-23,역구내 사고,삼각지(6)역,14:30,
1361,2022-01-23,발빠짐,을지로3가(2)역,14:51,
1362,2022-01-25,열차내 사고,까치산(5)역,21:16,
1363,2022-01-26,승강설비관련,청량리역,11:55,
1364,2022-01-27,열차내 사고,동대문역사문화공원(2)역,14:30,
1365,2022-01-28,출입문관련,가락시장(3)역,07:32,
1366,2022-01-28,열차내 사고,오금(3)역,11:30,
1367,2022-01-28,출입문관련,충무로(4)역,15:52,
1368,2022-01-28,출입문관련,동대문역사문화공원(4)역,13:35,
1369,2022-01-29,출입문관련,이수(7)역,17:08,
1370,2022-01-30,승강설비관련,종로3가(3)역,09:06,
1371,2022-02-01,역구내 사고,안암역,07:10,
1372,2022-02-05,역구내 사고,연신내(3)역,15:40,
1373,2022-02-05,출입문관련,서울대입구역,16:55,
1374,2022-02-05,출입문관련,군자(5)역,16:35,
1375,2022-02-07,열차내 사고,한성대입구역,10:05,
1376,2022-02-07,출입문관련,수유역,19:05,
1377,2022-02-08,열차내 사고,노량진(1)역,17:58,
1378,2022-02-08,역구내 사고,강남역,14:02,
1379,2022-02-09,역구내 사고,잠실(2)역,16:44,
1380,2022-02-11,역구내 사고,잠실(2)역,08:15,
1381,2022-02-14,역구내 사고,종로3가(3)역,21:05,
1382,2022-02-14,승강설비관련,영등포구청(5)역,15:16,
1383,2022-02-15,열차내 사고,혜화역,19:05,
1384,2022-02-17,출입문관련,사당(4)역,19:06,
1385,2022-02-19,열차내 사고,서울(1)역,17:43,
1386,2022-02-20,출입문관련,가산디지털단지(7)역,17:20,
1387,2022-02-23,발빠짐,신길역,11:42,
1388,2022-02-23,역구내 사고,구로디지털단지역,11:06,
1389,2022-02-24,역구내 사고,남태령역,23:16,
1390,2022-02-25,역구내 사고,약수(3)역,07:55,
1391,2022-03-02,승강설비관련,상봉역,18:10,
1392,2022-03-04,출입문관련,신사역,10:18,
1393,2022-03-05,출입문관련,둔촌역,13:26,
1394,2022-03-07,출입문관련,양재역,08:42,
1395,2022-03-07,발빠짐,합정(6)역,08:15,
1396,2022-03-08,승강설비관련,수락산역,16:05,
1397,2022-03-11,출입문관련,을지로4가(2)역,18:52,
1398,2022-03-13,역구내 사고,신당(6)역,08:20,
1399,2022-03-14,열차내 사고,수유역,18:16,
1400,2022-03-16,발빠짐,시청(2)역,18:30,
1401,2022-03-21,역구내 사고,합정(2)역,13:40,
1402,2022-03-22,열차내 사고,역삼역,17:40,
1403,2022-03-22,출입문관련,동대문역사문화공원(2)역,09:10,
1404,2022-03-22,출입문관련,구의역,22:11,
1405,2022-03-23,역구내 사고,경복궁역 ,14:19,
1406,2022-03-24,발빠짐,신림역,18:00,
1407,2022-03-24,역구내 사고,구파발(3)역,07:45,
1408,2022-03-25,역구내 사고,구로디지털단지역,22:29,
1409,2022-03-25,역구내 사고,구로디지털단지역,22:29,
1410,2022-03-25,출입문관련,신정네거리역,08:10,
1411,2022-03-26,역구내 사고,을지로입구역,15:38,
1412,2022-03-27,역구내 사고,잠실(2)역,11:15,
1413,2022-03-28,발빠짐,충무로(3)역,09:00,
1414,2022-03-28,출입문관련,삼성역,08:15,
1415,2022-03-28,열차내 사고,서울(1)역,19:02,
1416,2022-03-29,역구내 사고,어린이대공원역,16:20,
1417,2022-03-29,열차내 사고,쌍문역,08:40,
1418,2022-03-30,열차내 사고,회현역,11:03,
1419,2022-03-31,출입문관련,일원역,14:57,
1420,2022-03-31,발빠짐,충무로(3)역,16:34,
1421,2022-04-01,역구내 사고,몽촌토성역,12:55,
1422,2022-04-01,출입문관련,하남검단산역,06:53,
1423,2022-04-02,출입문관련,고속터미널(3)역,14:32,
1424,2022-04-02,발빠짐,동대문역사문화공원(4)역,19:36,
1425,2022-04-05,기타,노원(4)역,07:26,
1426,2022-04-05,출입문관련,뚝섬역,12:34,
1427,2022-04-07,역구내 사고,가락시장(8)역,21:21,
1428,2022-04-07,출입문관련,노원(4)역,07:30,
1429,2022-04-07,열차내 사고,신도림(2)역,21:31,
1430,2022-04-07,출입문관련,충무로(3)역,07:42,
1431,2022-04-09,출입문관련,사당(4)역,17:44,
1432,2022-04-09,역구내 사고,사당(2)역,06:47,
1433,2022-04-09,출입문관련,영등포역,05:35,
1434,2022-04-09,역구내 사고,중화역,22:10,
1435,2022-04-09,역구내 사고,신도림(2)역,15:46,
1436,2022-04-11,출입문관련,동대문역사문화공원(4)역,16:13,
1437,2022-04-12,열차내 사고,금정역,09:00,
1438,2022-04-13,열차내 사고,우장산역,12:15,
1439,2022-04-14,역구내 사고,동대문역사문화공원(2)역,08:29,
1440,2022-04-14,발빠짐,구로디지털단지역,22:28,
1441,2022-04-15,출입문관련,삼성역,08:40,
1442,2022-04-15,발빠짐,동대문역사문화공원(4)역,13:32,
1443,2022-04-16,발빠짐,동대입구역,18:17,
1444,2022-04-16,출입문관련,종로3(3)역,20:51,
1445,2022-04-17,출입문관련,복정역,11:58,
1446,2022-04-18,발빠짐,도봉산(7)역,18:46,
1447,2022-04-19,출입문관련,발산역,08:53,
1448,2022-04-20,출입문관련,석계(6)역,18:34,
1449,2022-04-22,발빠짐,교대(2)역,15:55,
1450,2022-04-25,발빠짐,발산역,12:53,
1451,2022-04-26,출입문관련,군자(5)역,08:34,
1452,2022-04-28,역구내 사고,사가정역,00:00,
1453,2022-04-28,출입문관련,신길역,08:29,
1454,2022-04-29,발빠짐,고속터미널(3)역,17:14,
1455,2022-04-30,역구내 사고,마포구청역,13:53,
1456,2022-05-02,출입문관련,신림역,09:55,
1457,2022-05-02,열차내 사고,쌍문역,07:05,
1458,2022-05-03,역구내 사고,혜화역,16:37,
1459,2022-05-03,출입문관련,합정(2)역,08:27,
1460,2022-05-04,출입문관련,대야미역,17:45,
1461,2022-05-04,출입문관련,천호(5)역,15:21,
1462,2022-05-04,역구내 사고,왕십리(5)역,22:00,
1463,2022-05-04,출입문관련,신도림(2)역,16:42,
1464,2022-05-04,발빠짐,충정로(2)역,18:30,
1465,2022-05-06,열차내 사고,신도림(2)역,20:41,
1466,2022-05-07,열차내 사고,시청(1)역,13:45,
1467,2022-05-07,출입문관련,동대문(4)역,12:39,
1468,2022-05-08,발빠짐,경찰병원역,21:49,
1469,2022-05-09,발빠짐,성신여대입구역,23:31,
1470,2022-05-09,출입문관련,동대문역사문화공원(2)역,12:36,
1471,2022-05-09,출입문관련,군자(5)역,08:34,
1472,2022-05-10,발빠짐,강남역,17:23,
1473,2022-05-11,역구내 사고,굽은다리역,09:06,
1474,2022-05-11,역구내 사고,월곡역,17:46,
1475,2022-05-11,승강설비관련,방배역,08:53,
1476,2022-05-12,발빠짐,문정역,08:32,
1477,2022-05-12,역구내 사고,홍대입구역,00:04,
1478,2022-05-12,출입문관련,대림(7)역,17:09,
1479,2022-05-13,출입문관련,미아사거리역,17:47,
1480,2022-05-13,출입문관련,대림(7)역,18:42,
1481,2022-05-14,출입문관련,산본역,19:53,
1482,2022-05-14,승강설비관련,낙성대역,18:33,
1483,2022-05-14,발빠짐,신촌역,15:16,
1484,2022-05-14,출입문관련,암사역,18:46,
1485,2022-05-17,출입문관련,천호(5)역,09:35,
1486,2022-05-18,출입문관련,동대문역사문화공원(4)역,11:34,
1487,2022-05-18,역구내 사고,동대문(1)역,10:26,
1488,2022-05-20,열차내 사고,대림(7)역,08:35,
1489,2022-05-20,출입문관련,잠실(2)역,21:46,
1490,2022-05-20,발빠짐,합정(6)역,18:35,
1491,2022-05-23,역구내 사고,이촌역,14:58,
1492,2022-05-24,역구내 사고,숙대입구역,09:32,
1493,2022-05-25,출입문관련,명동역,19:14,
1494,2022-05-25,출입문관련,교대(3)역,19:18,
1495,2022-05-25,승강설비관련,대치역,08:06,
1496,2022-05-26,출입문관련,을지로입구역,17:20,
1497,2022-05-29,승강설비관련,잠실(2)역,17:42,
1498,2022-05-30,발빠짐,구로디지털단지역,17:23,
1499,2022-05-31,역구내 사고,신도림(2)역,18:36,
1500,2022-05-31,출입문관련,이수(7)역,17:54,
1501,2022-06-02,출입문관련,양재역,08:21,
1502,2022-06-02,열차내 사고,군자(7)역,08:11,
1503,2022-06-02,출입문관련,강동역,07:43,
1504,2022-06-06,발빠짐,서울(1)역,16:01,
1505,2022-06-07,발빠짐,충무로(3)역,08:28,
1506,2022-06-08,승강설비관련,상도역,11:02,
1507,2022-06-08,열차내 사고,천호(8)역,08:30,
1508,2022-06-09,발빠짐,동대문역사문화공원(4)역,08:35,
1509,2022-06-10,열차내 사고,군자(7)역,08:14,
1510,2022-06-11,열차내 사고,도봉산(7)역,20:43,
1511,2022-06-12,발빠짐,발산역,16:50,
1512,2022-06-12,발빠짐,신촌역,14:02,
1513,2022-06-13,열차내 사고,K4543열차,08:31,
1514,2022-06-13,열차내 사고,이태원역,08:31,
1515,2022-06-13,발빠짐,성신여대입구역,14:03,
1516,2022-06-14,출입문관련,우장산역,15:56,
1517,2022-06-14,출입문관련,봉천역,11:59,
1518,2022-06-15,승강설비관련,구산역,17:00,
1519,2022-06-17,발빠짐,동대문역사문화공원(4)역,18:30,
1520,2022-06-18,열차내 사고,충정로(5)역,17:17,
1521,2022-06-21,발빠짐,단대오거리역,08:57,
1522,2022-06-23,역구내 사고,건대입구(2)역,00:00,
1523,2022-06-23,출입문관련,대청(3)역,19:54,
1524,2022-06-23,승강설비관련,학동역,19:09,
1525,2022-06-23,출입문관련,상봉역,17:07,
1526,2022-06-24,발빠짐,동대문역사문화공원(5)역,23:10,
1527,2022-06-24,열차내 사고,양재역,08:20,
1528,2022-06-25,출입문관련,청량리역,18:26,
1529,2022-06-27,열차내 사고,선릉(2)역,18:24,
1530,2022-06-27,출입문관련,사당(2)역,14:08,
1531,2022-06-27,출입문관련,상일동역,18:15,
1532,2022-06-27,열차내 사고,선릉(2)역,18:24,
1533,2022-06-27,기타,노원(4)역,15:00,
1534,2022-06-28,열차내 사고,광화문역,06:45,
1535,2022-06-28,역구내 사고,광화문역,22:20,
1536,2022-06-28,역구내 사고,광흥창역,16:30,
1537,2022-06-29,열차내 사고,사당(4)역,16:16,
1538,2022-06-29,열차내 사고,이촌역,18:15,
1539,2022-06-29,출입문관련,신대방역,22:17,
1540,2022-06-29,역구내 사고,방배역,16:51,
1541,2022-06-30,열차내 사고,교대(2)역,08:50,
1542,2022-06-30,역구내 사고,노원(7)역,11:04,
1543,2022-06-30,발빠짐,군자(7)역,08:23,
1544,2022-06-30,역구내 사고,공릉역,08:16,
1545,2022-07-01,발빠짐,구로디지털단지역,18:19,
1546,2022-07-01,열차내 사고,먹골역,08:30,
1547,2022-07-01,열차내 사고,여의도역,08:10,
1548,2022-07-01,승강설비관련,오금(3)역,18:10,
1549,2022-07-03,발빠짐,철산역,12:24,
1550,2022-07-04,출입문관련,김포공항(5)역,15:20,
1551,2022-07-05,출입문관련,마포역,17:47,
1552,2022-07-05,출입문관련,신당(2)역,08:13,
1553,2022-07-06,출입문관련,충무로(3)역,12:39,
1554,2022-07-07,발빠짐,신촌역,21:13,
1555,2022-07-08,발빠짐,서울(1)역,20:19,
1556,2022-07-08,출입문관련,수리산역,08:25,
1557,2022-07-09,역구내 사고,성수역,21:22,
1558,2022-07-10,출입문관련,불광(3)역,19:25,
1559,2022-07-11,발빠짐,철산역,18:47,
1560,2022-07-13,역구내 사고,성수역,15:45,
1561,2022-07-13,발빠짐,천호(5)역,22:30,
1562,2022-07-13,출입문관련,건대입구(7)역,18:42,
1563,2022-07-14,발빠짐,성신여대입구역,10:45,
1564,2022-07-14,출입문관련,강동역,08:39,
1565,2022-07-14,역구내 사고,홍제역,15:35,
1566,2022-07-15,출입문관련,상록수역,09:45,
1567,2022-07-15,승강설비관련,독립문역,09:36,
1568,2022-07-15,열차내 사고,보라매역,18:40,
1569,2022-07-16,출입문관련,사당(2)역,20:28,
1570,2022-07-16,발빠짐,고속터미널(7)역,16:36,
1571,2022-07-18,열차내 사고,방배역,17:58,
1572,2022-07-19,역구내 사고,녹사평역,13:33,
1573,2022-07-21,출입문관련,충무로(4)역,19:00,
1574,2022-07-21,출입문관련,영등포구청(5)역,10:21,
1575,2022-07-21,출입문관련,고속터미널(3)역,17:36,
1576,2022-07-21,역구내 사고,서울대입구역,17:25,
1577,2022-07-22,출입문관련,굽은다리역,22:01,
1578,2022-07-22,열차내 사고,제기동역,15:28,
1579,2022-07-22,열차내 사고,동대문(4)역,07:50,
1580,2022-07-23,출입문관련,범계역,18:15,
1581,2022-07-25,출입문관련,잠실(2)역,10:58,
1582,2022-07-25,출입문관련,대림(7)역,16:59,
1583,2022-07-25,출입문관련,불광(3)역,08:24,
1584,2022-07-25,출입문관련,연신내(3)역,10:50,
1585,2022-07-26,발빠짐,경복궁역 ,08:40,
1586,2022-07-26,역구내 사고,영등포구청(2)역,17:40,
1587,2022-07-27,발빠짐,철산역,08:20,
1588,2022-07-27,출입문관련,건대입구(2)역,07:42,
1589,2022-07-27,출입문관련,동대문역사문화공원(5)역,18:35,
1590,2022-07-27,출입문관련,고려대역,18:33,
1591,2022-07-27,출입문관련,동대문역사문화공원(5)역,18:35,
1592,2022-07-29,출입문관련,망원역,13:26,
1593,2022-07-29,출입문관련,가락시장(8)역,17:21,
1594,2022-07-31,출입문관련,철산역,20:08,
1595,2022-07-31,승강설비관련,사가정역,22:48,
1596,2022-08-01,발빠짐,신촌역,12:33,
1597,2022-08-01,역구내 사고,구파발(3)역,08:24,
1598,2022-08-01,열차내 사고,제기동역,13:10,
1599,2022-08-01,발빠짐,신촌역,08:24,
1600,2022-08-01,출입문관련,동대문역사문화공원(4)역,16:39,
1601,2022-08-02,역구내 사고,용두역,13:00,
1602,2022-08-02,역구내 사고,남구로역,18:05,
1603,2022-08-03,역구내 사고,대청역,05:12,
1604,2022-08-03,역구내 사고,연신내(6)역,07:40,
1605,2022-08-03,출입문관련,대림(7)역,12:40,
1606,2022-08-03,역구내 사고,사당(4)역,06:19,
1607,2022-08-05,열차내 사고,사가정역,22:00,
1608,2022-08-05,열차내 사고,사당(4)역,19:50,
1609,2022-08-07,열차내 사고,신당(6)역,12:28,
1610,2022-08-08,발빠짐,충무로(3)역,16:47,
1611,2022-08-09,역구내 사고,압구정역,12:14,
1612,2022-08-10,열차내 사고,강동역,06:44,
1613,2022-08-11,역구내 사고,서울(1)역,10:35,
1614,2022-08-12,발빠짐,시청(2)역,11:34,
1615,2022-08-12,승강설비관련,가산디지털단지(7)역,08:17,
1616,2022-08-12,출입문관련,서울(4)역,07:50,
1617,2022-08-13,출입문관련,동대문(1)역,15:18,
1618,2022-08-13,역구내 사고,미사역,11:30,
1619,2022-08-15,출입문관련,충무로(4)역,16:21,
1620,2022-08-16,승강설비관련,남구로역,07:21,
1621,2022-08-16,출입문관련,도림천역,08:22,
1622,2022-08-17,발빠짐,충무로(3)역,08:48,
1623,2022-08-18,발빠짐,고속터미널(7)역,15:00,
1624,2022-08-19,출입문관련,군자(5)역,17:00,
1625,2022-08-19,출입문관련,동대문역사문화공원(4)역,16:08,
1626,2022-08-19,출입문관련,대림(7)역,08:28,
1627,2022-08-20,출입문관련,홍대입구역,23:33,
1628,2022-08-20,출입문관련,수유역,16:27,
1629,2022-08-22,역구내 사고,화랑대역,13:35,
1630,2022-08-23,출입문관련,을지로4가(2)역,18:57,
1631,2022-08-23,발빠짐,동대문역사문화공원(4)역,06:50,
1632,2022-08-24,발빠짐,문정역,18:07,
1633,2022-08-25,역구내 사고,거여역,05:40,
1634,2022-08-25,열차내 사고,하남시청역,18:50,
1635,2022-08-28,발빠짐,시청(2)역,09:52,
1636,2022-08-29,출입문관련,문정역,18:43,
1637,2022-08-30,승강설비관련,가산디지털단지(7)역,13:10,
1638,2022-08-30,출입문관련,신길역,18:28,
1639,2022-08-30,열차내 사고,사당(4)역,19:27,
1640,2022-08-30,열차내 사고,동대문역사문화공원(5)역,13:43,
1641,2022-09-01,열차내 사고,까치울역,17:40,
1642,2022-09-01,열차내 사고,천호(5)역,19:03,
1643,2022-09-01,역구내 사고,잠실(2)역,17:55,
1644,2022-09-01,열차내 사고,사가정역,08:07,
1645,2022-09-02,역구내 사고,디지털미디어시티역,09:05,
1646,2022-09-03,발빠짐,을지로3가(2)역,14:14,
1647,2022-09-04,열차내 사고,관악역,15:20,
1648,2022-09-05,역구내 사고,이촌역,17:44,
1649,2022-09-05,열차내 사고,쌍문역,14:51,
1650,2022-09-05,승강설비관련,고덕역,12:26,
1651,2022-09-06,열차내 사고,상일동역,08:56,
1652,2022-09-07,발빠짐,압구정역,18:02,
1653,2022-09-07,열차내 사고,여의도역,18:23,
1654,2022-09-08,출입문관련,하남풍산역,16:17,
1655,2022-09-11,승강설비관련,공덕(6)역,13:23,
1656,2022-09-16,역구내 사고,압구정역,08:16,
1657,2022-09-16,열차내 사고,대림(2)역,16:38,
1658,2022-09-16,열차내 사고,압구정역,09:07,
1659,2022-09-17,발빠짐,동작역,16:20,
1660,2022-09-17,출입문관련,동대문역사문화공원(5)역,11:28,
1661,2022-09-19,승강설비관련,혜화역,08:25,
1662,2022-09-19,열차내 사고,대림(2)역,09:00,
1663,2022-09-19,출입문관련,이수(4)역,09:08,
1664,2022-09-20,출입문관련,신촌역,16:33,
1665,2022-09-21,열차내 사고,산본역,11:58,
1666,2022-09-22,출입문관련,천호(5)역,17:27,
1667,2022-09-22,발빠짐,동대문역사문화공원(5)역,08:39,
1668,2022-09-22,출입문관련,창동역,09:45,
1669,2022-09-23,역구내 사고,화곡역,08:37,
1670,2022-09-24,발빠짐,충정로(2)역,16:12,
1671,2022-09-28,발빠짐,가산디지털단지(7)역,18:16,
1672,2022-09-29,출입문관련,군자(5)역,18:45,
1673,2022-09-30,열차내 사고,연신내(3)역,15:36,
1674,2022-09-30,열차내 사고,논현역,08:36,
1675,2022-09-30,출입문관련,연신내(3)역,09:48,
1676,2022-10-02,출입문관련,혜화역,19:58,
1677,2022-10-04,열차내 사고,선릉(2)역,08:23,
1678,2022-10-05,출입문관련,도봉산(7)역,19:44,
1679,2022-10-05,출입문관련,종로3가(3)역,11:19,
1680,2022-10-05,출입문관련,교대(3)역,18:04,
1681,2022-10-06,역구내 사고,신도림(2)역,21:25,
1682,2022-10-06,출입문관련,노원(7)역,14:03,
1683,2022-10-09,열차내 사고,인덕원역,12:20,
1684,2022-10-10,출입문관련,군자(7)역,15:20,
1685,2022-10-10,역구내 사고,구파발(3)역,17:42,
1686,2022-10-10,열차내 사고,안국역,16:20,
1687,2022-10-11,열차내 사고,종각역,10:11,
1688,2022-10-12,역구내 사고,을지로3가(2)역,15:56,
1689,2022-10-13,발빠짐,동대문(4)역,12:18,
1690,2022-10-13,발빠짐,고속터미널(7)역,12:28,
1691,2022-10-14,열차내 사고,신림역,16:20,
1692,2022-10-14,출입문관련,청구(6)역,13:02,
1693,2022-10-15,열차내 사고,회기역,14:42,
1694,2022-10-15,열차내 사고,신대방역,23:30,
1695,2022-10-15,열차내 사고,하남시청역,17:00,
1696,2022-10-17,출입문관련,금호역,10:02,
1697,2022-10-18,출입문관련,교대(2)역,15:45,
1698,2022-10-19,출입문관련,회현역,09:00,
1699,2022-10-20,승강설비관련,문정역,19:02,
1700,2022-10-22,발빠짐,충무로(3)역,20:32,
1701,2022-10-22,발빠짐,충무로(3)역,20:32,
1702,2022-10-24,출입문관련,강일역,14:41,
1703,2022-10-24,발빠짐,동대문역사문화공원(4)역,07:49,
1704,2022-10-24,열차내 사고,충무로(4)역,05:45,
1705,2022-10-26,발빠짐,동대문역사문화공원(4)역,08:29,
1706,2022-10-27,열차내 사고,철산역,19:10,
1707,2022-10-29,발빠짐,옥수역,22:21,
1708,2022-10-31,출입문관련,광명사거리역,05:57,
1709,2022-11-01,역구내 사고,숙대입구역,17:16,
1710,2022-11-01,출입문관련,을지로3가(2)역,09:16,
1711,2022-11-01,열차내 사고,이수(4)역,08:58,
1712,2022-11-03,열차내 사고,시청(1)역,08:09,
1713,2022-11-03,열차내 사고,종각역,08:08,
1714,2022-11-03,출입문관련,동대문역사문화공원(4)역,19:38,
1715,2022-11-03,열차내 사고,시청(1)역,08:14,
1716,2022-11-03,열차내 사고,서울(1)역,08:09,
1717,2022-11-05,열차내 사고,압구정역,08:56,
1718,2022-11-05,역구내 사고,구로디지털단지역,17:10,
1719,2022-11-08,승강설비관련,신정역,16:14,
1720,2022-11-09,발빠짐,고속터미널(7)역,15:39,
1721,2022-11-09,출입문관련,동대문(1)역,13:34,
1722,2022-11-12,출입문관련,왕십리(2)역,16:37,
1723,2022-11-12,출입문관련,왕십리(2)역,17:00,
1724,2022-11-14,출입문관련,남위례역,08:35,
1725,2022-11-15,출입문관련,명일역,17:58,
1726,2022-11-15,출입문관련,천호(5)역,19:23,
1727,2022-11-16,열차내 사고,도봉산(7)역,08:10,
1728,2022-11-16,열차내 사고,사가정역,08:12,
1729,2022-11-16,출입문관련,이촌역,15:42,
1730,2022-11-17,승강설비관련,합정(6)역,12:24,
1731,2022-11-17,출입문관련,압구정역,15:38,
1732,2022-11-17,승강설비관련,합정(6)역,12:24,
1733,2022-11-17,승강설비관련,옥수역,08:25,
1734,2022-11-18,역구내 사고,잠실(2)역,13:21,
1735,2022-11-21,열차내 사고,개봉역,09:59,
1736,2022-11-21,열차내 사고,천호(5)역,08:34,
1737,2022-11-22,발빠짐,금호역,09:21,
1738,2022-11-22,발빠짐,왕십리(5)역,08:00,
1739,2022-11-22,열차내 사고,혜화역,08:40,
1740,2022-11-22,발빠짐,금호역,09:21,
1741,2022-11-23,출입문관련,장승배기역,13:21,
1742,2022-11-23,출입문관련,화곡역,16:18,
1743,2022-11-24,역구내 사고,구의역,18:10,
1744,2022-11-24,열차내 사고,을지로3가(2)역,10:38,
1745,2022-11-24,역구내 사고,역삼역,17:29,
1746,2022-11-24,출입문관련,신림역,18:58,
1747,2022-11-25,승강설비관련,압구정역,17:41,
1748,2022-11-26,열차내 사고,서울(1)역,14:29,
1749,2022-11-26,열차내 사고,서울(1)역,14:29,
1750,2022-11-26,열차내 사고,아현역,14:29,
1751,2022-11-26,발빠짐,동대문(4)역,14:40,
1752,2022-11-27,승강설비관련,마곡역,15:49,
1753,2022-11-28,승강설비관련,사가정역,15:42,
1754,2022-11-28,역구내 사고,신사역,22:05,
1755,2022-11-29,출입문관련,동대문역사문화공원(2)역,08:29,
1756,2022-11-29,열차내 사고,신림역,08:22,
1757,2022-11-29,발빠짐,을지로4가(2)역,08:54,
1758,2022-11-29,출입문관련,종로3가(3)역,07:50,
1759,2022-11-30,발빠짐,회현역,17:29,
1760,2022-11-30,발빠짐,서울(4)역,18:42,
1761,2022-11-30,열차내 사고,철산역,17:10,
1762,2022-11-30,발빠짐,동대문역사문화공원(4)역,07:05,
1763,2022-11-30,열차내 사고,연신내(3)역,18:35,
1764,2022-11-30,열차내 사고,미아사거리역,10:22,
1765,2022-12-01,승강설비관련,한성대입구역,11:12,
1766,2022-12-01,승강설비관련,화랑대역,14:56,
1767,2022-12-02,발빠짐,동대문역사문화공원(4)역,19:18,
1768,2022-12-03,열차내 사고,신도림(2)역,17:20,
1769,2022-12-03,기타,건대입구(2)역,22:00,
1770,2022-12-03,열차내 사고,신도림(2)역,17:20,
1771,2022-12-03,열차내 사고,신도림(2)역,17:20,
1772,2022-12-04,열차내 사고,청량리역,13:38,
1773,2022-12-06,발빠짐,불광(3)역,09:00,
1774,2022-12-06,열차내 사고,삼송역,16:05,
1775,2022-12-06,역구내 사고,성수역,08:11,
1776,2022-12-06,역구내 사고,삼성역,17:22,
1777,2022-12-07,열차내 사고,문정역,08:44,
1778,2022-12-07,발빠짐,철산역,18:30,
1779,2022-12-08,출입문관련,천호(8)역,07:52,
1780,2022-12-08,역구내 사고,제기동역,14:56,
1781,2022-12-09,열차내 사고,사당(4)역,08:50,
1782,2022-12-09,발빠짐,을지로3가(2)역,22:48,
1783,2022-12-09,출입문관련,교대(3)역,18:03,
1784,2022-12-10,출입문관련,회현역,20:43,
1785,2022-12-11,역구내 사고,상봉역,22:28,
1786,2022-12-12,열차내 사고,오금(3)역,16:53,
1787,2022-12-12,역구내 사고,잠실새내역,20:11,
1788,2022-12-12,열차내 사고,오금(3)역,16:53,
1789,2022-12-15,역구내 사고,삼성역,20:45,
1790,2022-12-15,승강설비관련,경복궁역 ,21:49,
1791,2022-12-15,역구내 사고,경복궁역,14:37,
1792,2022-12-15,열차내 사고,신도림(2)역,12:42,
1793,2022-12-16,열차내 사고,석촌역,08:01,
1794,2022-12-16,출입문관련,동대문역사문화공원(2)역,14:39,
1795,2022-12-17,역구내 사고,문래역,08:48,
1796,2022-12-18,역구내 사고,창동역,07:03,
1797,2022-12-18,역구내 사고,창동역,07:03,
1798,2022-12-19,열차내 사고,종로3가(1)역,12:52,
1799,2022-12-20,승강설비관련,증산역,07:02,
1800,2022-12-21,역구내 사고,보라매역,16:50,
1801,2022-12-21,역구내 사고,신도림(2)역,18:10,
1802,2022-12-21,역구내 사고,용답역,16:21,
1803,2022-12-22,출입문관련,을지로입구역,18:52,
1804,2022-12-23,발빠짐,합정(6)역,18:43,
1805,2022-12-25,출입문관련,대림(7)역,16:27,
1806,2022-12-25,출입문관련,장한평역,09:13,
1807,2022-12-26,출입문관련,종로3가(3)역,15:58,
1808,2022-12-26,역구내 사고,구파발(3)역,00:08,
1809,2022-12-27,열차내 사고,동묘앞(1)역,08:09,
1810,2022-12-27,열차내 사고,먹골역,11:05,
1811,2022-12-29,열차내 사고,을지로3가(3)역,18:18,
1812,2022-12-30,역구내 사고,광나루역,12:05,
1813,2023-01-02,열차내 사고,낙성대역,15:34,
1814,2023-01-02,출입문관련,도화역,15:48,
1815,2023-01-02,출입문관련,문래역,08:23,
1816,2023-01-03,출입문관련,서울(4)역,09:56,
1817,2023-01-04,역구내 사고,역삼역,18:05,
1818,2023-01-04,열차내 사고,구의역,12:13,
1819,2023-01-04,열차내 사고,청량리역,10:30,
1820,2023-01-06,열차내 사고,회기역,09:05,
1821,2023-01-06,열차내 사고,시청(1)역,08:23,
1822,2023-01-06,열차내 사고,동대문(1)역,08:23,
1823,2023-01-06,발빠짐,동대문역사문화공원(4)역,22:37,
1824,2023-01-06,열차내 사고,구로역,08:24,
1825,2023-01-06,열차내 사고,시청(1)역,08:23,
1826,2023-01-08,출입문관련,을지로입구역,16:36,
1827,2023-01-09,열차내 사고,종로5가역,14:45,
1828,2023-01-10,발빠짐,목동역,18:09,
1829,2023-01-10,발빠짐,구로디지털단지역,07:43,
1830,2023-01-10,열차내 사고,동작역,15:40,
1831,2023-01-10,출입문관련,영등포구청(5)역,18:40,
1832,2023-01-12,출입문관련,수유역,17:44,
1833,2023-01-14,발빠짐,충무로(3)역,09:26,
1834,2023-01-15,승강설비관련,약수(3)역,08:59,
1835,2023-01-16,발빠짐,철산역,18:42,
1836,2023-01-16,출입문관련,군자(5)역,07:40,
1837,2023-01-16,승강설비관련,사당(2)역,13:03,
1838,2023-01-17,출입문관련,삼성역,19:09,
1839,2023-01-17,발빠짐,동대문역사문화공원(5)역,18:25,
1840,2023-01-18,출입문관련,신도림(1)역,15:30,
1841,2023-01-18,열차내 사고,철산역,08:39,
1842,2023-01-18,역구내 사고,온수(7)역,08:15,
1843,2023-01-19,출입문관련,강동역,13:41,
1844,2023-01-22,역구내 사고,고속터미널(3)역,06:47,
1845,2023-01-25,발빠짐,서울(1)역,08:19,
1846,2023-01-25,발빠짐,도봉산(7)역,06:56,
1847,2023-01-26,역구내 사고,종합운동장역,08:19,
1848,2023-01-26,역구내 사고,뚝섬유원지역,10:56,
1849,2023-01-27,열차내 사고,고속터미널(3)역,09:10,
1850,2023-01-27,역구내 사고,양재역,08:38,
1851,2023-01-28,역구내 사고,종로3가(3)역,22:07,
1852,2023-01-28,승강설비관련,논현역,07:04,
1853,2023-01-28,발빠짐,동대문역사문화공원(2)역,18:58,
1854,2023-01-28,열차내 사고,성신여대입구역,18:24,
1855,2023-01-29,발빠짐,신촌역,22:07,
1856,2023-01-29,역구내 사고,고려대역,17:51,
1857,2023-01-30,열차내 사고,신설동(1)역,18:34,
1858,2023-01-30,발빠짐,동대문역사문화공원(4)역,08:10,
1859,2023-01-30,역구내 사고,애오개역,09:33,
1860,2023-01-30,역구내 사고,잠실(2)역,15:29,
1861,2023-01-31,역구내 사고,선릉(2)역,06:02,
1862,2023-02-03,출입문관련,오금(3)역,17:51,
1863,2023-02-04,출입문관련,선릉(2)역,13:21,
1864,2023-02-06,출입문관련,구로디지털단지역,08:14,
1865,2023-02-07,발빠짐,군자(7)역,08:20,
1866,2023-02-07,출입문관련,아차산역,17:59,
1867,2023-02-08,역구내 사고,경복궁역,11:00,
1868,2023-02-08,출입문관련,서초역,15:06,
1869,2023-02-10,열차내 사고,천호(5)역,08:30,
1870,2023-02-10,열차내 사고,을지로3가(2)역,16:27,
1871,2023-02-10,열차내 사고,회기역,18:38,
1872,2023-02-12,출입문관련,금정역,19:35,
1873,2023-02-13,열차내 사고,양평역,19:46,
1874,2023-02-14,열차내 사고,금정역,08:30,
1875,2023-02-15,열차내 사고,신설동(1)역,09:15,
1876,2023-02-15,열차내 사고,종로3가(1)역,09:25,
1877,2023-02-18,출입문관련,남성역,16:49,
1878,2023-02-20,열차내 사고,종로3가(1)역,18:15,
1879,2023-02-20,열차내 사고,합정(2)역,18:34,
1880,2023-02-21,역구내 사고,금호역,12:31,
1881,2023-02-22,출입문관련,남한산성역,08:59,
1882,2023-02-23,출입문관련,남부터미널역,16:48,
1883,2023-02-23,역구내 사고,삼성역,12:45,
1884,2023-02-23,출입문관련,방화역,08:46,
1885,2023-02-23,출입문관련,종로3가(1)역,08:45,
1886,2023-02-24,승강설비관련,마들역,12:26,
1887,2023-02-25,출입문관련,구로디지털단지역,09:31,
1888,2023-02-25,열차내 사고,구의역,09:31,
1889,2023-02-26,승강설비관련,오목교역,15:58,
1890,2023-02-27,발빠짐,청량리역,08:05,
1891,2023-02-27,출입문관련,사당(2)역,18:41,
1892,2023-02-27,발빠짐,청량리역,08:05,
1893,2023-02-28,역구내 사고,무악재역,11:57,
1894,2023-03-02,발빠짐,홍제역,08:12,
1895,2023-03-02,출입문관련,동대문역사문화공원(4)역,07:11,
1896,2023-03-02,출입문관련,동대문역사문화공원(4)역,07:11,
1897,2023-03-03,역구내 사고,을지로3가(3)역,14:17,
1898,2023-03-03,열차내 사고,목동역,18:12,
1899,2023-03-04,출입문관련,방화역,16:49,
1900,2023-03-06,출입문관련,교대(2)역,18:55,
1901,2023-03-07,열차내 사고,봉천역,08:51,
1902,2023-03-07,역구내 사고,사당(4)역,23:29,
1903,2023-03-08,열차내 사고,서대문역,18:23,
1904,2023-03-09,열차내 사고,신림역,08:29,
1905,2023-03-09,역구내 사고,을지로3가(3)역,15:30,
1906,2023-03-09,열차내 사고,석계(1)역,17:56,
1907,2023-03-10,열차내 사고,석계역,17:56,
1908,2023-03-10,역구내 사고,강동역,07:06,
1909,2023-03-10,역구내 사고,석계(6)역,11:23,
1910,2023-03-10,출입문관련,상계역,10:45,
1911,2023-03-10,출입문관련,신도림(2)역,16:32,
1912,2023-03-11,출입문관련,사당(4)역,14:15,
1913,2023-03-11,승강설비관련,종로3가(1)역,16:22,
1914,2023-03-13,열차내 사고,서울(1)역,00:00,
1915,2023-03-13,발빠짐,사당(2)역,18:00,
1916,2023-03-14,출입문관련,천호(8)역,14:59,
1917,2023-03-14,출입문관련,모란역,14:59,
1918,2023-03-18,승강설비관련,약수(6)역,19:30,
1919,2023-03-19,발빠짐,동묘앞(1)역,15:59,
1920,2023-03-20,출입문관련,삼송역,09:17,
1921,2023-03-21,승강설비관련,새절역,06:04,
1922,2023-03-21,열차내 사고,장한평역,19:05,
1923,2023-03-21,출입문관련,영등포시장(5)역,09:47,
1924,2023-03-22,출입문관련,수락산역,00:55,
1925,2023-03-22,발빠짐,고속터미널(7)역,20:49,
1926,2023-03-22,열차내 사고,암사역,18:20,
1927,2023-03-22,발빠짐,방배역,18:27,
1928,2023-03-23,발빠짐,개화산역,12:02,
1929,2023-03-23,출입문관련,연신내(3)역,11:45,
1930,2023-03-24,출입문관련,노원(4)역,16:00,
1931,2023-03-24,출입문관련,동대문역사문화공원(4)역,18:09,
1932,2023-03-25,승강설비관련,까치산(5)역,22:30,
1933,2023-03-25,열차내 사고,시청(1)역,14:20,
1934,2023-03-27,출입문관련,불광(3)역,18:57,
1935,2023-03-27,출입문관련,창동역,07:23,
1936,2023-03-28,승강설비관련,고속터미널(7)역,12:11,
1937,2023-03-30,발빠짐,종로3가(3)역,08:28,
1938,2023-03-31,출입문관련,신도림(1)역,17:41,
1939,2023-04-01,출입문관련,신당(2)역,18:03,
1940,2023-04-01,출입문관련,동작역,11:50,
1941,2023-04-02,출입문관련,미사역,11:24,
1942,2023-04-03,열차내 사고,동대문역,12:18,
1943,2023-04-04,출입문관련,김포공항(5)역,15:38,
1944,2023-04-04,역구내 사고,남한산성입구역,20:36,
1945,2023-04-05,역구내 사고,모란역,09:26,
1946,2023-04-06,열차내 사고,고객의소리,19:00,
1947,2023-04-06,열차내 사고,송정역,18:58,
1948,2023-04-08,발빠짐,신촌역,12:47,
1949,2023-04-08,발빠짐,아현역,12:47,
1950,2023-04-09,출입문관련,사당(2)역,12:51,
1951,2023-04-10,발빠짐,동대문(1)역,17:15,
1952,2023-04-11,역구내 사고,사당(2)역,07:13,
1953,2023-04-12,역구내 사고,사당(4)역,16:06,
1954,2023-04-12,역구내 사고,사당(2)역,15:15,
1955,2023-04-13,발빠짐,구파발(3)역,11:32,
1956,2023-04-13,열차내 사고,신림역,18:44,
1957,2023-04-17,역구내 사고,창동역,13:39,
1958,2023-04-18,승강설비관련,대흥역,08:18,
1959,2023-04-18,출입문관련,충무로(3)역,16:06,
1960,2023-04-19,출입문관련,사당(4)역,09:28,
1961,2023-04-19,출입문관련,하계역,10:38,
1962,2023-04-19,발빠짐,고속터미널(7)역,15:28,
1963,2023-04-21,역구내 사고,건대입구(7)역,11:00,
1964,2023-04-21,열차내 사고,천왕역,09:40,
1965,2023-04-22,출입문관련,방이역,15:07,
1966,2023-04-24,열차내 사고,하남시청역,18:10,
1967,2023-04-25,열차내 사고,낙성대역,08:30,
1968,2023-04-25,열차내 사고,삼성역,08:38,
1969,2023-04-26,열차내 사고,오류동역,13:30,
1970,2023-04-26,열차내 사고,오류동역,13:30,
1971,2023-04-27,발빠짐,서울(1)역,12:36,
1972,2023-04-27,열차내 사고,동인천역,16:40,
1973,2023-04-29,열차내 사고,사당(2)역,00:05,
1974,2023-04-29,역구내 사고,사당(2)역,09:21,
1975,2023-04-29,승강설비관련,고속터미널(3)역,17:14,
1976,2023-04-30,열차내 사고,청담역,10:30,
1977,2023-04-30,발빠짐,신촌역,22:57,
1978,2023-05-02,출입문관련,화곡역,20:30,
1979,2023-05-02,발빠짐,어린이대공원역,08:31,
1980,2023-05-03,승강설비관련,구로디지털단지역,12:25,
1981,2023-05-06,역구내 사고,합정(6)역,16:49,
1982,2023-05-06,승강설비관련,성수역,13:16,
1983,2023-05-07,열차내 사고,신설동(1)역,18:00,
1984,2023-05-07,열차내 사고,중화역,13:54,
1985,2023-05-08,발빠짐,을지로4가(2)역,18:16,
1986,2023-05-08,출입문관련,구산역,18:33,
1987,2023-05-08,열차내 사고,남영역,17:09,
1988,2023-05-08,출입문관련,사당(4)역,09:59,
1989,2023-05-10,역구내 사고,사당(4)역,08:14,
1990,2023-05-10,열차내 사고,마장역,17:50,
1991,2023-05-11,열차내 사고,사당(2)역,08:22,
1992,2023-05-11,출입문관련,발산역,17:28,
1993,2023-05-11,열차내 사고,봉천역,08:22,
1994,2023-05-11,발빠짐,충무로(3)역,16:19,
1995,2023-05-11,열차내 사고,신림역,08:22,
1996,2023-05-14,열차내 사고,청량리역,12:09,
1997,2023-05-14,역구내 사고,동대입구역,19:05,
1998,2023-05-14,열차내 사고,청량리역,14:56,
1999,2023-05-15,열차내 사고,3130열차,09:20,
2000,2023-05-17,출입문관련,발산역,11:44,
2001,2023-05-17,출입문관련,봉천역,18:09,
2002,2023-05-18,역구내 사고,장승배기역,20:30,
2003,2023-05-18,열차내 사고,을지로입구(2)역,17:45,
2004,2023-05-18,발빠짐,동대문역사문화공원(4)역,15:07,
2005,2023-05-19,역구내 사고,시청(2)역,11:40,
2006,2023-05-19,역구내 사고,서초역,15:13,
2007,2023-05-19,출입문관련,동대문역사문화공원(2)역,16:20,
2008,2023-05-20,출입문관련,홍대입구역,16:06,
2009,2023-05-20,역구내 사고,봉천역,18:09,
2010,2023-05-23,열차내 사고,청량리역,14:03,
2011,2023-05-23,역구내 사고,천호(8)역,08:26,
2012,2023-05-25,출입문관련,인천역,07:50,
2013,2023-05-25,열차내 사고,문래역,08:33,
2014,2023-05-25,출입문관련,신도림(2)역,10:49,
2015,2023-05-26,출입문관련,서울(4)역,10:33,
2016,2023-05-27,출입문관련,낙성대역,22:10,
2017,2023-05-27,출입문관련,장승배기역,16:48,
2018,2023-05-27,승강설비관련,신정네거리역,16:17,
2019,2023-05-28,역구내 사고,구파발(3)역,18:20,
2020,2023-05-30,역구내 사고,고속터미널(3)역,13:15,
2021,2023-05-30,발빠짐,충무로(4)역,20:19,
2022,2023-05-30,역구내 사고,몽촌토성역,08:05,
2023,2023-05-31,승강설비관련,논현역,18:02,
2024,2023-05-31,출입문관련,사가정역,11:57,
2025,2023-05-31,출입문관련,오남역,10:37,
2026,2023-06-01,발빠짐,신촌역,08:24,
2027,2023-06-02,발빠짐,도봉산(7)역,18:26,
2028,2023-06-03,출입문관련,군자(5)역,16:15,
2029,2023-06-04,역구내 사고,봉천역,22:37,
2030,2023-06-05,출입문관련,을지로입구(2)역,14:02,
2031,2023-06-05,승강설비관련,월드컵경기장역,16:53,
2032,2023-06-07,역구내 사고,신당(2)역,16:40,
2033,2023-06-08,열차내 사고,화서역,18:23,
2034,2023-06-09,역구내 사고,창동역,19:51,
2035,2023-06-09,출입문관련,인덕원역,18:02,
2036,2023-06-10,역구내 사고,마들역,16:31,
2037,2023-06-11,출입문관련,잠실(2)역,14:27,
2038,2023-06-11,승강설비관련,우장산역,17:02,
2039,2023-06-11,역구내 사고,신정네거리역,19:38,
2040,2023-06-13,발빠짐,종로3가(1)역,09:16,
2041,2023-06-13,승강설비관련,약수(6)역,07:54,
2042,2023-06-13,발빠짐,신금호역,13:47,
2043,2023-06-14,열차내 사고,신대방역,11:28,
2044,2023-06-14,발빠짐,성신여대입구역,12:12,
2045,2023-06-14,출입문관련,뚝섬역,16:08,
2046,2023-06-15,역구내 사고,왕십리(5)역,19:26,
2047,2023-06-15,승강설비관련,암사역,16:12,
2048,2023-06-16,출입문관련,동대문역사문화공원(4)역,13:35,
2049,2023-06-16,출입문관련,천왕역,14:30,
2050,2023-06-17,출입문관련,신도림역,16:00,
2051,2023-06-19,출입문관련,연신내(3)역,14:23,
2052,2023-06-19,발빠짐,아현역,16:43,
2053,2023-06-19,발빠짐,성신여대입구역,17:50,
2054,2023-06-19,출입문관련,을지로3가(2)역,17:08,
2055,2023-06-19,열차내 사고,고속터미널(3)역,15:34,
2056,2023-06-20,발빠짐,신촌역,13:17,
2057,2023-06-21,출입문관련,쌍문역,17:31,
2058,2023-06-21,열차내 사고,서울대입구역,10:37,
2059,2023-06-22,출입문관련,당산(2)역,09:08,
2060,2023-06-22,승강설비관련,음암역,10:46,
2061,2023-06-23,발빠짐,동대문(4)역,13:53,
2062,2023-06-23,출입문관련,수유역,11:32,
2063,2023-06-23,발빠짐,연신내(3)역,07:36,
2064,2023-06-23,열차내 사고,교대(2)역,18:42,
2065,2023-06-26,출입문관련,지축역,19:06,
2066,2023-06-27,출입문관련,창동역,18:42,
2067,2023-06-27,역구내 사고,종로3가(3)역,15:10,
2068,2023-06-27,출입문관련,구로디지털단지역,17:55,
2069,2023-06-27,출입문관련,성수역,08:51,
2070,2023-06-29,승강설비관련,이수(7)역,09:56,
2071,2023-06-29,역구내 사고,잠실나루역,11:14,
2072,2023-06-29,열차내 사고,대림(2)역,11:09,
2073,2023-06-30,승강설비관련,청량리역,06:13,
2074,2023-06-30,승강설비관련,천호역,09:42,
2075,2023-07-02,기타,교대(2)역,12:00,
2076,2023-07-02,출입문관련,혜화역,15:24,
2077,2023-07-02,출입문관련,디지털미디어시티역,10:03,
2078,2023-07-04,승강설비관련,잠실(2)역,19:54,
2079,2023-07-04,열차내 사고,합정(2)역,08:25,
2080,2023-07-04,승강설비관련,연신내(3)역,16:18,
2081,2023-07-05,출입문관련,종로5가역,09:47,
2082,2023-07-05,출입문관련,사당(4)역,18:18,
2083,2023-07-06,역구내 사고,교대(3)역,21:11,
2084,2023-07-07,발빠짐,방배역,18:29,
2085,2023-07-07,열차내 사고,제S475열차,18:09,
2086,2023-07-07,출입문관련,합정(2)역,18:02,
2087,2023-07-08,열차내 사고,시청(1)역,11:06,
2088,2023-07-09,역구내 사고,신림역,11:32,
2089,2023-07-11,역구내 사고,강변역,10:18,
2090,2023-07-11,발빠짐,신촌역,18:56,
2091,2023-07-12,출입문관련,태릉입구(7)역,16:15,
2092,2023-07-12,승강설비관련,신당(6)역,08:31,
2093,2023-07-12,열차내 사고,서울대입구역,22:16,
2094,2023-07-13,열차내 사고,서초역,22:17,
2095,2023-07-13,역구내 사고,종로5가역,18:19,
2096,2023-07-14,역구내 사고,사당(2)역,20:10,
2097,2023-07-14,역구내 사고,안국역,15:30,
2098,2023-07-14,열차내 사고,종로3가(1)역,17:40,
2099,2023-07-15,역구내 사고,대치역,07:52,
2100,2023-07-15,열차내 사고,대림(7)역,11:55,
2101,2023-07-16,역구내 사고,불광(3)역,20:27,
2102,2023-07-17,출입문관련,성수역,08:55,
2103,2023-07-17,출입문관련,당산(2)역,12:53,
2104,2023-07-18,열차내 사고,대화역,10:25,
2105,2023-07-18,열차내 사고,방이역,08:07,
2106,2023-07-18,열차내 사고,암사역,16:00,
2107,2023-07-19,역구내 사고,잠실(2)역,07:25,
2108,2023-07-21,발빠짐,불광(6)역,18:09,
2109,2023-07-22,발빠짐,압구정역,13:24,
2110,2023-07-23,출입문관련,신촌역,21:15,
2111,2023-07-24,출입문관련,이수(4)역,08:09,
2112,2023-07-24,출입문관련,회현역,18:46,
2113,2023-07-25,발빠짐,철산역,17:48,
2114,2023-07-25,출입문관련,여의나루역,16:06,
2115,2023-07-30,열차내 사고,중계역,22:00,
2116,2023-07-30,역구내 사고,동묘앞(1)역,18:10,
2117,2023-07-31,승강설비관련,독립문역,15:56,
2118,2023-07-31,역구내 사고,논현역,09:15,
2119,2023-08-02,출입문관련,면목역,10:03,
2120,2023-08-03,발빠짐,동대문역사문화공원(4)역,09:15,
2121,2023-08-03,출입문관련,잠실(8)역,09:18,
2122,2023-08-03,발빠짐,동묘앞(1)역,07:40,
2123,2023-08-07,발빠짐,개화산역,14:50,
2124,2023-08-07,열차내 사고,쌍문역,08:57,
2125,2023-08-07,출입문관련,군자,21:32,
2126,2023-08-09,역구내 사고,중계역,11:19,
2127,2023-08-10,출입문관련,영등포구청(5)역,09:17,
2128,2023-08-11,승강설비관련,역삼역,09:50,
2129,2023-08-11,출입문관련,동대문역사문화공원(4)역,12:47,
2130,2023-08-12,역구내 사고,어린이대공원역,13:35,
2131,2023-08-14,역구내 사고,천왕역,18:40,
2132,2023-08-15,출입문관련,서울(4)역,13:57,
2133,2023-08-16,열차내 사고,중곡역,08:25,
2134,2023-08-16,역구내 사고,역촌역,19:00,
2135,2023-08-16,역구내 사고,학여울역,14:03,
2136,2023-08-16,열차내 사고,어린이대공원역,08:21,
2137,2023-08-17,열차내 사고,을지로4가(2)역,18:20,
2138,2023-08-17,출입문관련,영등포구청(5)역,17:25,
2139,2023-08-17,열차내 사고,을지로4가(2)역,18:20,
2140,2023-08-17,출입문관련,충무로(4)역,08:26,
2141,2023-08-17,열차내 사고,을지로3가(2)역,18:20,
2142,2023-08-17,열차내 사고,시청(2)역,14:30,
2143,2023-08-18,열차내 사고,잠실(2)역,07:39,
2144,2023-08-18,출입문관련,신도림역,19:24,
2145,2023-08-19,승강설비관련,신도림(2)역,16:30,
2146,2023-08-20,역구내 사고,오금(5)역,10:19,
2147,2023-08-22,출입문관련,을지로3가(2)역,07:38,
2148,2023-08-22,발빠짐,강변역,08:07,
2149,2023-08-22,출입문관련,명동역,14:57,
2150,2023-08-23,발빠짐,고속터미널(7)역,20:16,
2151,2023-08-23,역구내 사고,강변역,06:14,
2152,2023-08-23,출입문관련,시청(2)역,17:18,
2153,2023-08-24,역구내 사고,연신내(3)역,07:18,
2154,2023-08-24,출입문관련,종각역,08:52,
2155,2023-08-24,발빠짐,동대문역사문화공원(4)역,18:20,
2156,2023-08-25,역구내 사고,수서역,18:48,
2157,2023-08-26,출입문관련,상일동역,15:57,
2158,2023-08-27,발빠짐,충무로(3)역,12:59,
2159,2023-08-28,열차내 사고,태릉입구역,07:09,
2160,2023-08-28,역구내 사고,종각역,13:41,
2161,2023-08-28,역구내 사고,창신역,11:22,
2162,2023-08-28,승강설비관련,철산역,08:16,
2163,2023-08-29,역구내 사고,왕십리(2)역,11:33,
2164,2023-08-29,출입문관련,성수역,13:32,
2165,2023-08-29,출입문관련,신사(3)역,17:36,
2166,2023-08-29,출입문관련,성수역,13:32,
2167,2023-08-30,발빠짐,서대문역,08:30,
2168,2023-08-30,출입문관련,교대(3)역,16:16,
2169,2023-08-30,출입문관련,미아사거리역,08:20,
2170,2023-08-30,열차내 사고,청량리역,07:34,
2171,2023-08-30,열차내 사고,청량리역,07:34,
2172,2023-08-31,출입문관련,양재역,07:40,
2173,2023-09-01,출입문관련,신림역,16:55,
2174,2023-09-01,승강설비관련,청량리역,18:27,
2175,2023-09-02,출입문관련,학동역,16:03,
2176,2023-09-04,출입문관련,서울(4)역,08:25,
2177,2023-09-05,출입문관련,명일역,18:29,
2178,2023-09-05,출입문관련,신정네거리역,15:28,
2179,2023-09-05,출입문관련,신도림역,08:03,
2180,2023-09-07,발빠짐,동대입구역,18:13,
2181,2023-09-07,출입문관련,이수(4)역,19:35,
2182,2023-09-07,출입문관련,구로디지털단지역,18:24,
2183,2023-09-07,발빠짐,서울역,18:13,
2184,2023-09-08,발빠짐,고속터미널(7)역,17:48,
2185,2023-09-08,역구내 사고,교대(3)역,16:26,
2186,2023-09-08,출입문관련,낙성대역,13:47,
2187,2023-09-08,출입문관련,잠원역,09:33,
2188,2023-09-09,출입문관련,동대문역사문화공원(2)역,16:59,
2189,2023-09-09,역구내 사고,가산디지털단지(7)역,10:40,
2190,2023-09-10,열차내 사고,연신내(3)역,11:24,
2191,2023-09-10,열차내 사고,신당(2)역,11:44,
2192,2023-09-13,역구내 사고,경찰병원역,16:27,
2193,2023-09-13,역구내 사고,종로3가(3)역,12:52,
2194,2023-09-14,발빠짐,도봉산(7)역,17:19,
2195,2023-09-14,발빠짐,동대문역사문화공원(2)역,07:46,
2196,2023-09-15,역구내 사고,봉천역,15:40,
2197,2023-09-16,출입문관련,서울(4)역,16:18,
2198,2023-09-18,출입문관련,노원(4)역,08:13,
2199,2023-09-18,승강설비관련,역촌역,19:36,
2200,2023-09-18,발빠짐,동대문역사문화공원(5)역,19:51,
2201,2023-09-20,역구내 사고,신사(3)역,18:05,
2202,2023-09-20,역구내 사고,군자(5)역,08:04,
2203,2023-09-20,승강설비관련,신대방삼거리역,08:30,
2204,2023-09-20,역구내 사고,교대(2)역,08:39,
2205,2023-09-21,출입문관련,동대문역사문화공원(2)역,18:19,
2206,2023-09-23,출입문관련,종로5가역,13:44,
2207,2023-09-23,출입문관련,가락시장역,14:37,
2208,2023-09-24,출입문관련,구로역,12:43,
2209,2023-09-25,역구내 사고,창동역,08:40,
2210,2023-09-25,역구내 사고,남부터미널역,20:15,
2211,2023-09-25,출입문관련,군자역,17:45,
2212,2023-09-25,출입문관련,신금호역,10:46,
2213,2023-09-25,출입문관련,군자(5)역,11:25,
2214,2023-09-26,출입문관련,구로디지털단지역,12:44,
2215,2023-09-26,발빠짐,발산역,18:23,
2216,2023-09-26,출입문관련,경복궁(3)역,08:44,
2217,2023-09-27,역구내 사고,숭실대입구역,17:50,
2218,2023-09-29,승강설비관련,약수(6)역,17:27,
2219,2023-09-29,역구내 사고,봉천역,17:09,
2220,2023-09-30,출입문관련,양재역,13:40,
2221,2023-10-02,출입문관련,약수(3)역,15:30,
2222,2023-10-04,역구내 사고,신사(3)역,18:17,
2223,2023-10-04,역구내 사고,고속터미널(3)역,11:40,
2224,2023-10-05,출입문관련,공덕(5)역,10:14,
2225,2023-10-06,역구내 사고,목동역,14:22,
2226,2023-10-06,출입문관련,우장산역,15:49,
2227,2023-10-06,출입문관련,송정역,12:02,
2228,2023-10-09,출입문관련,월드컵경기장역,19:14,
2229,2023-10-10,출입문관련,마곡역,08:36,
2230,2023-10-10,열차내 사고,오목교역,08:18,
2231,2023-10-11,출입문관련,청량리역,13:29,
2232,2023-10-11,열차내 사고,구의역,10:45,
2233,2023-10-11,출입문관련,노원(7)역,18:24,
2234,2023-10-11,승강설비관련,봉천역,09:40,
2235,2023-10-11,발빠짐,철산역,08:37,
2236,2023-10-12,발빠짐,동대문역사문화공원(4)역,08:19,
2237,2023-10-13,승강설비관련,성수역,14:49,
2238,2023-10-13,출입문관련,성수역,16:15,
2239,2023-10-15,역구내 사고,광명사거리역,21:00,
2240,2023-10-16,역구내 사고,청담역,07:55,
2241,2023-10-16,출입문관련,강동역,07:43,
2242,2023-10-17,역구내 사고,시청(1)역,14:15,
2243,2023-10-17,역구내 사고,시청(1)역,14:20,
2244,2023-10-18,출입문관련,성신여대입구역,15:02,
2245,2023-10-19,출입문관련,종로3가(3)역,20:40,
2246,2023-10-19,역구내 사고,구로디지털단지역,17:11,
2247,2023-10-19,열차내 사고,도봉산(7)역,07:02,
2248,2023-10-20,출입문관련,먹골역,17:26,
2249,2023-10-23,역구내 사고,강남구청역,19:00,
2250,2023-10-23,출입문관련,월곡역,18:03,
2251,2023-10-23,발빠짐,발산역,23:10,
2252,2023-10-25,출입문관련,녹번(3)역,09:20,
2253,2023-10-26,열차내 사고,선릉(2)역,08:36,
2254,2023-10-26,열차내 사고,선릉역,08:32,
2255,2023-10-26,출입문관련,면목역,20:39,
2256,2023-10-26,역구내 사고,선릉역,07:15,
2257,2023-10-26,출입문관련,상일동,17:32,
2258,2023-10-26,열차내 사고,강남역,08:45,
2259,2023-10-26,열차내 사고,강남역,08:45,
2260,2023-10-26,열차내 사고,봉천역,08:45,
2261,2023-10-27,열차내 사고,애오개역,19:00,
2262,2023-11-01,출입문관련,홍대입구역,05:52,
2263,2023-11-01,발빠짐,발산역,14:46,
2264,2023-11-01,출입문관련,홍대입구역,05:52,
2265,2023-11-01,출입문관련,노원(4)역,13:52,
2266,2023-11-01,출입문관련,구파발(3)역,18:42,
2267,2023-11-02,출입문관련,을지로3가(2)역,14:33,
2268,2023-11-03,발빠짐,신촌역,18:09,
2269,2023-11-03,발빠짐,경찰병원역,19:36,
2270,2023-11-04,역구내 사고,숙대입구역,11:22,
2271,2023-11-06,승강설비관련,역삼역,08:37,
2272,2023-11-06,승강설비관련,역삼역,08:37,
2273,2023-11-06,역구내 사고,신정네거리역,07:57,
2274,2023-11-07,출입문관련,청담역,17:42,
2275,2023-11-07,출입문관련,방이역,08:59,
2276,2023-11-08,발빠짐,구로디지털단지역,08:16,
2277,2023-11-08,열차내 사고,신대방역,15:25,
2278,2023-11-09,역구내 사고,서초역,18:55,
2279,2023-11-09,출입문관련,종로3가(3)역,19:28,
2280,2023-11-09,발빠짐,한성대입구역,19:25,
2281,2023-11-10,출입문관련,신길역,18:39,
2282,2023-11-10,역구내 사고,혜화역,14:10,
2283,2023-11-11,출입문관련,이수(4)역,19:53,
2284,2023-11-12,출입문관련,합정(2)역,10:11,
2285,2023-11-13,출입문관련,응암영,17:46,
2286,2023-11-14,열차내 사고,회현역,08:17,
2287,2023-11-14,출입문관련,군자역,10:04,
2288,2023-11-14,열차내 사고,혜화역,08:17,
2289,2023-11-15,발빠짐,신길역,11:37,
2290,2023-11-15,출입문관련,오목교역,15:36,
2291,2023-11-16,열차내 사고,디지털미디어시티역,16:01,
2292,2023-11-16,출입문관련,방화역,11:53,
2293,2023-11-16,열차내 사고,문정역,09:25,
2294,2023-11-16,역구내 사고,사당(4)역,15:38,
2295,2023-11-16,발빠짐,구로디지털단지역,08:55,
2296,2023-11-17,승강설비관련,하계역,13:45,
2297,2023-11-18,역구내 사고,구의역,00:30,
2298,2023-11-19,발빠짐,압구정역,19:02,
2299,2023-11-19,열차내 사고,성수역,09:50,
2300,2023-11-19,역구내 사고,온수역,17:00,
2301,2023-11-20,출입문관련,대림(7)역,07:20,
2302,2023-11-21,출입문관련,동대문역사문화공원(5)역,18:32,
2303,2023-11-24,열차내 사고,종로5가역,09:05,
2304,2023-11-24,역구내 사고,왕십리(5)역,20:20,
2305,2023-11-24,출입문관련,산본역,08:44,
2306,2023-11-25,출입문관련,아현역,13:47,
2307,2023-11-27,발빠짐,철산역,09:40,
2308,2023-11-28,발빠짐,동대문역사문화공원(4)역,18:40,
2309,2023-11-29,승강설비관련,신대방삼거리역,15:19,
2310,2023-11-29,승강설비관련,신대방삼거리역,16:38,
2311,2023-11-30,발빠짐,신림역,08:26,
2312,2023-12-01,열차내 사고,선릉역,18:18,
2313,2023-12-01,역구내 사고,역삼역,15:28,
2314,2023-12-01,열차내 사고,신도림(2)역,18:18,
2315,2023-12-04,역구내 사고,신설동(1)역,08:11,
2316,2023-12-06,승강설비관련,대림(7)역,10:27,
2317,2023-12-06,출입문관련,대청역,06:50,
2318,2023-12-06,출입문관련,명동역,18:06,
2319,2023-12-06,승강설비관련,상봉역,14:19,
2320,2023-12-08,승강설비관련,디지털미디어시티역,08:51,
2321,2023-12-11,열차내 사고,대방역,12:04,
2322,2023-12-11,출입문관련,복정역,18:24,
2323,2023-12-12,역구내 사고,서울대입구역,10:40,
2324,2023-12-12,출입문관련,숭실대입구역,18:22,
2325,2023-12-12,출입문관련,강동역,07:40,
2326,2023-12-13,역구내 사고,수서역,12:50,
2327,2023-12-14,발빠짐,사당(2)역,08:32,
2328,2023-12-14,발빠짐,구로,08:38,
2329,2023-12-14,역구내 사고,남부터미널역,15:17,
2330,2023-12-14,출입문관련,선릉역,11:07,
2331,2023-12-14,열차내 사고,신대방역,22:05,
2332,2023-12-15,역구내 사고,수유역,08:46,
2333,2023-12-15,역구내 사고,동묘앞(1)역,06:54,
2334,2023-12-15,발빠짐,서울(1)역,07:24,
2335,2023-12-16,역구내 사고,신당(2)역,23:53,
2336,2023-12-16,역구내 사고,독립문역,07:30,
2337,2023-12-17,역구내 사고,신당(2)역,11:53,
2338,2023-12-18,출입문관련,공덕(5)역,19:22,
2339,2023-12-20,역구내 사고,연신내(3)역,11:58,
2340,2023-12-20,역구내 사고,합정(2)역,11:10,
2341,2023-12-20,발빠짐,충무로(3)역,17:17,
2342,2023-12-20,승강설비관련,연신내(3)역,11:58,
2343,2023-12-20,발빠짐,신정역,08:01,
2344,2023-12-21,역구내 사고,충정로역,08:18,
2345,2023-12-22,역구내 사고,신대방삼거리역,08:15,
2346,2023-12-23,역구내 사고,신도림역,10:10,
2347,2023-12-24,열차내 사고,오금역,11:48,
2348,2023-12-24,역구내 사고,신대방역,10:37,
2349,2023-12-24,역구내 사고,회현역,20:58,
2350,2023-12-25,역구내 사고,봉천역,15:30,
2351,2023-12-26,출입문관련,신도림역,08:57,
2352,2023-12-26,출입문관련,신정역,12:09,
2353,2023-12-26,출입문관련,대림(7)역,20:46,
2354,2023-12-27,열차내 사고,문정역,08:35,
2355,2023-12-30,열차내 사고,을지로3가역,12:37,
